Date,optimised,equal_weight
2012-01-03,0.0,0.0
2012-01-04,0.0,0.0
2012-01-05,0.0,0.0
2012-01-06,0.0,0.0
2012-01-09,0.0,0.0
2012-01-10,0.0,0.0
2012-01-11,0.0,0.0
2012-01-12,0.0,0.0
2012-01-13,0.0,0.0
2012-01-17,0.0,0.0
2012-01-18,0.0,0.0
2012-01-19,0.0,0.0
2012-01-20,0.0,0.0
2012-01-23,0.0,0.0
2012-01-24,0.0,-0.00014285714285714281
2012-01-25,0.0,0.001482822198091008
2012-01-26,0.0,-2.8277110338611285e-05
2012-01-27,0.0,0.0008972275220948149
2012-01-30,0.0,0.00011051092013980912
2012-01-31,0.0,-4.453589924307775e-05
2012-02-01,0.0,0.001494869234214393
2012-02-02,0.002342443843382458,0.0017075136139317465
2012-02-03,0.002282890378710495,0.0016997526657710252
2012-02-06,0.0005488183280296531,0.0007141888044273649
2012-02-07,-0.0011274432161239,-0.0021004969097417007
2012-02-08,-0.0022153184310877466,-0.0014337137213784909
2012-02-09,-9.238154094756198e-05,0.0013051929079751455
2012-02-10,-0.0023495939684559874,-0.0010623734326580714
2012-02-13,-0.004104275888706332,-0.001954275566672046
2012-02-14,-0.0009766805185164337,-0.0001136985462720426
2012-02-15,-0.0005438341591877269,-0.0003107623938795853
2012-02-16,0.0001457077199352478,8.326155885729008e-05
2012-02-17,0.0053588801864217885,0.003062217418879443
2012-02-21,-0.0016419075329287902,-0.0009382329278910619
2012-02-22,-0.0014046007438619046,-0.0009454861837756568
2012-02-23,-0.0002042016830604334,0.0019839042698174317
2012-02-24,-0.0003075596635094545,-0.00142657568368229
2012-02-27,0.0018223984798173489,0.0019862814944149525
2012-02-28,0.0010968603268797902,0.0016635199835197665
2012-02-29,0.0025529870144406497,0.0027365139766411376
2012-03-01,0.0004917945584730787,-0.000449931256439784
2012-03-02,-0.0004143812748008919,-0.0004798538816042601
2012-03-05,0.0026451456870231057,0.001797226314148805
2012-03-06,-0.00019329807595795884,-0.00011045634381015232
2012-03-07,0.004465866173788133,0.0025519239736225374
2012-03-08,0.002375307930871819,0.00135731905472345
2012-03-09,-0.0017100587137865199,-0.0009771765785610781
2012-03-12,0.0030308605967057827,0.0017319206434886626
2012-03-13,0.004594517178693434,0.002625438846409239
2012-03-14,0.002093830893937066,0.001196475005523307
2012-03-15,0.0006869910868952027,0.0003925664039381139
2012-03-16,0.0,0.0
2012-03-19,0.0,0.0
2012-03-20,0.0,0.0
2012-03-21,0.0,0.0
2012-03-22,0.0,0.0
2012-03-23,0.0,0.0
2012-03-26,0.0,0.0
2012-03-27,0.0,0.0
2012-03-28,-0.00024999999260989975,-0.00014285714285714284
2012-03-29,0.0015027826745688927,0.0008587329822810014
2012-03-30,0.0036114210748574623,0.002063669246635726
2012-04-02,0.0008877484378092016,0.0005072848366008011
2012-04-03,0.0029433272019066584,0.0016819012832377848
2012-04-04,0.0,0.0
2012-04-05,-0.0002500000019406064,-0.00014285714285714281
2012-04-09,-0.00035549543085513607,-0.00020314024462607383
2012-04-10,0.0038053614258548815,0.002174492226466312
2012-04-11,-0.002390448107131224,-0.0013659703366133197
2012-04-12,0.002447187239146954,0.0013983926979529622
2012-04-13,-0.004468743389930303,-0.002553567642650877
2012-04-16,0.0013881628859084582,0.0007932360031752368
2012-04-17,-0.005949017456304712,-0.00339943851976957
2012-04-18,0.007775961136860815,0.004443406306701673
2012-04-19,-0.0024648467241145146,-0.0014084838778477284
2012-04-20,0.002315189092579739,0.0011801080916832125
2012-04-23,-0.0020036532740576826,0.0013719697972937994
2012-04-24,-0.00032844939268414884,-0.0001197626724161599
2012-04-25,0.0007978922922942694,-6.550219245720409e-05
2012-04-26,-0.004719110251748479,-0.0022150457345569067
2012-04-27,-0.0031600585718342404,-0.0008907281495947161
2012-04-30,0.003441702545953172,0.0002567353065004017
2012-05-01,0.0005405251365027476,8.594528821134742e-05
2012-05-02,-0.00750143487472167,-0.0049478859609685955
2012-05-03,-0.0026346636173446283,-0.001948171775576748
2012-05-04,-0.0017991608481179038,-0.0012305299428202413
2012-05-07,-0.004184507130118007,-0.0020597652074028517
2012-05-08,0.002101745834328018,0.0005442528434681613
2012-05-09,-0.0010671462707122722,-0.0014473876003393762
2012-05-10,0.00786372495338853,0.004368883920122308
2012-05-11,-0.0015612085523914888,0.00037366586782540845
2012-05-14,0.001271245540329791,0.002706723567890595
2012-05-15,-0.003437789272326991,-0.007597555060708545
2012-05-16,0.0009950979066602787,-0.0005607239148500433
2012-05-17,0.0021183002731216217,0.0017427950786799904
2012-05-18,0.0046360707056427855,0.003337666408196619
2012-05-21,0.002782008023100287,0.003061783792445306
2012-05-22,0.0016232433930704268,0.00022044968700960586
2012-05-23,-0.002731523733785276,-0.0010325572567533468
2012-05-24,0.0036543651465476513,0.0017261097260631813
2012-05-25,0.002774525611622317,0.001030874564970378
2012-05-29,-0.00040205321762754075,-0.001434674176376171
2012-05-30,-0.0026205916592782082,-0.000542498958652338
2012-05-31,-0.008017796046379247,-0.007719512655603165
2012-06-01,0.0040053480061375095,0.002631045361255472
2012-06-04,-0.005131898454943159,0.0022571426970891713
2012-06-05,-0.001624979632812623,0.0003610192790262106
2012-06-06,0.0017792861547095628,0.0007654728328098349
2012-06-07,0.0004886984283448505,0.0004867119649697351
2012-06-08,-0.0019761123709823953,0.0022187307945928728
2012-06-11,0.004802426270214212,-0.00011653746067740955
2012-06-12,-0.005111465091869188,-0.0025905784018138006
2012-06-13,-0.002904789764332734,-0.0009767756782441909
2012-06-14,-0.0048094688124182315,-0.0041446633962581745
2012-06-15,0.0023805669395039497,0.00018907954010081697
2012-06-18,0.0005623731333593842,-0.00014291186007017867
2012-06-19,0.004694404105782299,0.0017477784780696027
2012-06-20,-0.001314306396929697,-0.0012355829182264524
2012-06-21,-0.002301636002986309,-0.0027119440326469706
2012-06-22,0.003110622608846415,0.0006378320596437084
2012-06-25,-0.0036827343136239454,-0.001814588791214535
2012-06-26,-0.001152512669133154,-0.002327799242847177
2012-06-27,0.00013185439530529917,0.0048435363547478
2012-06-28,-0.0017774205031509944,0.000537636634236677
2012-06-29,0.001990074234242437,-0.0007669456192322283
2012-07-02,0.0,0.0
2012-07-03,0.0,0.0
2012-07-05,0.0,-0.0004
2012-07-06,0.0,0.001347639890037803
2012-07-09,0.0,-0.002002455941493204
2012-07-10,0.0,-0.004247600479336821
2012-07-11,0.0,0.00889928704621154
2012-07-12,0.0,-0.0036237044029834202
2012-07-13,0.0,-0.008509271837771856
2012-07-16,0.0,0.0026196200424576316
2012-07-17,0.0,-0.02187117948651759
2012-07-18,0.0,-0.03430251156146779
2012-07-19,0.0,0.03191363250592857
2012-07-20,0.0,0.025972700870848728
2012-07-23,0.0,0.004755650246619203
2012-07-24,0.0,0.007959320206374838
2012-07-25,0.0,0.0012441941974565603
2012-07-26,0.0,-0.00269237729951559
2012-07-27,0.0,-0.022214511393892113
2012-07-30,0.0,0.005924129650389128
2012-07-31,0.0,0.011087288091281759
2012-08-01,0.006322223511258001,0.028996771238223737
2012-08-02,-0.00024694365113256595,-0.0031319555248551095
2012-08-03,-0.004447039316639077,-0.014229443315016372
2012-08-06,0.0002445696466281356,0.004559152102806351
2012-08-07,-0.004260628927170313,-0.01391871760299899
2012-08-08,-0.0018991213000586534,-0.0077705949893958045
2012-08-09,-0.0013450887606426432,-0.0010210367168744297
2012-08-10,0.0004712671229502955,-0.0003114923285708656
2012-08-13,0.0010795493064679113,0.0034195883386033375
2012-08-14,-0.0003137406011289589,-0.004161387294096809
2012-08-15,-5.150991528746059e-05,0.0005635651822309124
2012-08-16,-0.005658124921921929,-0.009212082304069507
2012-08-17,-0.0003101806944806686,-0.0008084290667159565
2012-08-20,0.0010060723589684485,0.0038824629064021458
2012-08-21,-0.00012364402145901863,0.0019742184948866315
2012-08-22,-0.001238465067860768,-0.004375849000335868
2012-08-23,0.00048163907475187284,0.0019656055816450347
2012-08-24,-0.004145661047945792,-0.016103480102372263
2012-08-27,-0.0012807852825049034,-0.0035066150083346106
2012-08-28,0.0009292708742896335,0.004551834375603393
2012-08-29,0.0006762380145240481,0.001502086910818325
2012-08-30,-0.00020951860002754665,0.0033149672278506752
2012-08-31,-0.0005196482326544685,0.001180667862190521
2012-09-04,0.004964295990071552,-0.01968659881463718
2012-09-05,2.8755957019844308e-05,0.0009948248654966568
2012-09-06,0.004162260948704463,-0.021404461085149887
2012-09-07,-0.0007800328357646975,0.0044654884325457675
2012-09-10,-0.0005266512132184606,0.006030579085325297
2012-09-11,1.2264818042371069e-06,0.00181860486590181
2012-09-12,-0.0019120947960633778,0.007161011643729816
2012-09-13,0.004402751917723614,-0.01716752747436085
2012-09-14,0.0021136017810981177,-0.006555626368096351
2012-09-17,0.0010394354167649678,-0.0014476240937056342
2012-09-18,-0.0062426880357443065,0.02663143294190219
2012-09-19,0.003941452441612198,-0.019807842473561352
2012-09-20,-2.079604707315236e-05,0.008047568405154656
2012-09-21,0.007137388931169782,-0.028330454445574117
2012-09-24,-0.0007504958231559229,0.005719204231034745
2012-09-25,0.0011602689121244473,-0.006021035282000721
2012-09-26,0.0010356070205780243,-0.0035184710788539486
2012-09-27,0.0008937765624674451,-0.0038982516916048118
2012-09-28,0.0006430541860955199,-0.005102085484982841
2012-10-01,-0.003146962132401261,0.002405957394805488
2012-10-02,0.015514243809216077,-0.020319631997494637
2012-10-03,0.008224888145141036,-0.01100066957049655
2012-10-04,0.017660663210396402,-0.023972975346248843
2012-10-05,0.004115295824226237,-0.003798870733986108
2012-10-08,0.01790873860138629,-0.024487570031779857
2012-10-09,-0.0008915171136197201,0.001217369215942165
2012-10-10,-0.018995769295666227,0.025883742096629716
2012-10-11,-0.00358000087983379,0.004348022443094814
2012-10-12,0.006839120017334122,-0.007627606458736469
2012-10-15,0.00566592368678736,-0.008321533534877105
2012-10-16,0.00928667263094766,-0.011533429097991247
2012-10-17,0.004818743781015375,-0.005343123466129725
2012-10-18,0.005651761732689449,-0.00694130368835114
2012-10-19,0.001189189067151135,0.0005041332278246908
2012-10-22,-0.008004162808411703,0.00995758085159241
2012-10-23,-0.001887688159798191,0.0017606708806112287
2012-10-24,0.0019661816985819154,-0.0015992852667524198
2012-10-25,-0.030116721317413386,0.04149428241736686
2012-10-26,-0.015461679940252774,0.021449164537174204
2012-10-31,-0.002562598454496874,0.003256975163348279
2012-11-01,-0.0017021973986340415,-0.0001770164614609333
2012-11-02,-0.016417363489376332,0.014195948431575484
2012-11-05,-0.0036890135859950677,0.0012869746905517197
2012-11-06,0.0009474427886633582,-0.0005455623988878792
2012-11-07,-0.03347007050552593,0.033719226710025446
2012-11-08,-0.020311085271596193,0.02000900564549176
2012-11-09,-0.004623658474836063,0.0037869807052744453
2012-11-12,-0.005728278131410574,0.005780092309378967
2012-11-13,0.004794917299055619,-0.004668963040409959
2012-11-14,-0.028829508723486805,0.028892495524639628
2012-11-15,0.015170031106461762,-0.015668736296275142
2012-11-16,0.018105150308684897,-0.018307662200601534
2012-11-19,0.00773026483678932,-0.007097228291847925
2012-11-20,0.004178564850825921,-0.002528765220627529
2012-11-21,9.279434139365778e-05,0.00016303742909149169
2012-11-23,0.01577350045285413,-0.015436868445075698
2012-11-26,-0.04628509860668325,0.04705549524195246
2012-11-27,-0.008288675552008991,0.008217165566037894
2012-11-28,0.009364206400048994,-0.010418749435694171
2012-11-29,-0.021181991646732047,0.021577160318977676
2012-11-30,0.00320348914675849,-0.0002573193621496616
2012-12-03,-0.0041506727034395785,0.007054526610197495
2012-12-04,0.006467026996496698,-0.015401292751506757
2012-12-05,0.00021865700991195968,0.0004114784367364976
2012-12-06,0.002162532562120581,-0.004851766464746129
2012-12-07,0.004215502055478102,-0.00500243605180892
2012-12-10,-0.0024298878256737663,0.005030111941927941
2012-12-11,0.000495244653933835,-0.003811723562915441
2012-12-12,-0.006525959749366839,0.011972176763545027
2012-12-13,-0.005741903921852397,0.010312124151195375
2012-12-14,-0.0015987940981026464,0.005802413783958852
2012-12-17,0.011638817762625528,-0.02172420310217558
2012-12-18,0.0017440841860826082,-0.005470024695456679
2012-12-19,-0.002782806647732711,0.004646200167044113
2012-12-20,0.0010509497990527589,-0.0005371607740711588
2012-12-21,-0.00633005232405459,0.011058484916797735
2012-12-24,0.00012296974000513763,0.00011146773946603716
2012-12-26,-0.003057757208654958,0.006465861116509678
2012-12-27,0.00558004955405807,-0.01159959871073498
2012-12-28,-0.0031649897109766838,0.007411322716593786
2012-12-31,0.010723066061980329,-0.020749810293698646
2013-01-02,0.0,-0.0001
2013-01-03,0.0,0.0005002008702025594
2013-01-04,0.0,-0.00021968242559658455
2013-01-07,0.0,-0.0008560564668082206
2013-01-08,0.0,0.0005783225240226772
2013-01-09,0.0,-0.0009249526191747771
2013-01-10,0.0,0.0002755407447037333
2013-01-11,0.0,-0.0006858280653248896
2013-01-14,0.0,0.0006846109632649399
2013-01-15,0.0,-0.0010431717693590943
2013-01-16,0.0,9.986890242272067e-05
2013-01-17,0.0,-0.0026390816201417185
2013-01-18,0.0,-0.0014060440749950288
2013-01-22,0.0,-0.0005440322006722455
2013-01-23,0.0,0.0052290982919184084
2013-01-24,0.0,-0.0024844648983379488
2013-01-25,0.0,0.001891729334989097
2013-01-28,0.0,-0.00270147991156917
2013-01-29,0.0,0.0018568029235293511
2013-01-30,0.0,0.005465780235115592
2013-01-31,0.0,0.005777501501639262
2013-02-01,-0.002991388542655414,-0.0031849295449130456
2013-02-04,0.002594873927659996,0.001931980621931765
2013-02-05,-0.003657632585590849,-0.009229958982389397
2013-02-06,-7.247806922032165e-05,0.00130087970344162
2013-02-07,0.001976840913412253,0.005084691567732016
2013-02-08,0.002488262388484744,0.004471843271273455
2013-02-11,7.852677041240367e-12,0.001979572725834413
2013-02-12,-6.664426127695154e-12,-0.0005306627094131873
2013-02-13,3.650551275656316e-11,0.0016663676342070955
2013-02-14,-2.959816527613332e-12,0.0026702849844306496
2013-02-15,6.070265125373896e-12,-0.0007193620856643634
2013-02-19,3.8755436563325837e-13,-6.88516715749315e-05
2013-02-20,-3.651571729612975e-12,0.0017474953422993988
2013-02-21,5.800837741430988e-13,0.0001819884953941184
2013-02-22,6.685046511204967e-12,-0.0038580773207379385
2013-02-25,-1.2231008458024776e-12,0.0026424845875447204
2013-02-26,4.4103449421303745e-12,-0.002217839643531373
2013-02-27,1.5163988217206825e-12,-0.0006930303276477863
2013-02-28,-0.00024999999601353813,-0.002055559588535683
2013-03-01,-0.0016087648510614838,-0.001995209013289994
2013-03-04,-0.003680781430263254,-0.00638700097373764
2013-03-05,-0.0059564207183192995,-0.011478808409669927
2013-03-06,-0.0008377722921053186,-0.0008832792471111701
2013-03-07,-0.001093657024493458,0.0005669062020916626
2013-03-08,0.0001501478751742732,0.0016382878285747923
2013-03-11,0.004078780486609568,0.010635843022444393
2013-03-12,0.0005670550559242231,0.0021981538204965535
2013-03-13,-0.0019620812592992328,0.0015763536356832996
2013-03-14,0.0004645783430756133,0.00010805089678235791
2013-03-15,0.0008147794035412814,0.005577412605649459
2013-03-18,0.0001476866219203893,0.0006096595832617467
2013-03-19,0.0009972756510314034,0.0016388661772396224
2013-03-20,0.0017415366817424356,-0.0013493152533315936
2013-03-21,-0.0009052300278416024,-0.0022619645696502605
2013-03-22,-0.0011811891070366183,-0.0012697696674044395
2013-03-25,0.0016639860242616477,0.0055024267130642165
2013-03-26,-0.0035375606056256338,-0.005631881797836466
2013-03-27,0.0003421960586456675,0.0018342200828636247
2013-03-28,-0.001956121329377949,0.0017951437333750425
2013-04-01,0.0033842259195662203,0.004509559793866664
2013-04-02,-3.4732323640905357e-06,0.0003258856099492569
2013-04-03,0.0012968667579195852,0.004061756332914757
2013-04-04,-0.0008882067131065444,-0.00095269951096257
2013-04-05,0.0013706894554941372,0.001054939923885443
2013-04-08,0.00504717375050787,0.004482182911132439
2013-04-09,0.0006901877143502079,0.0011937293392748072
2013-04-10,-0.0028646717751850243,-0.0031029965125425134
2013-04-11,-0.00024176131076938725,-2.6380104301713603e-05
2013-04-12,0.003918065227731694,0.0034021331716024383
2013-04-15,0.006926249516938468,0.005727244460947679
2013-04-16,-0.002518796863152992,-0.005951099956125282
2013-04-17,0.0040566154554528295,0.005750960610508196
2013-04-18,0.0008480499208740008,0.0011245440984896692
2013-04-19,-0.00045750236019524997,-0.0009394949973249551
2013-04-22,0.0006002041118464273,-9.472757597819735e-05
2013-04-23,-0.002990927452268121,-0.0038431871074211203
2013-04-24,-0.001366261794204007,-0.0008035090270731075
2013-04-25,0.025074891216169813,0.026540316390798825
2013-04-26,0.00483341838598391,0.0038168635961868588
2013-04-29,0.002601165212163644,0.0015502562781087093
2013-04-30,-0.008019189956996202,-0.003654776110519113
2013-05-01,0.0027530271550146182,0.0025313734954031004
2013-05-02,1.797042012812205e-05,-0.00014910421262529817
2013-05-03,0.00013502561075346667,-0.0005580552401164011
2013-05-06,0.004102728894038065,-0.001204690497580651
2013-05-07,-0.0030273150114232157,-0.0017721182870748193
2013-05-08,-0.0017390640574136617,-0.0009387503702551377
2013-05-09,-0.013206340619425579,-0.004560298083908727
2013-05-10,0.014826785954957117,0.005410619225700226
2013-05-13,-0.015241534011824475,-0.0055178916471430375
2013-05-14,-0.00174111438020804,-0.0014003301953562227
2013-05-15,0.015084554725597887,0.004594843735355377
2013-05-16,-0.008021009083993691,-0.0029519931056407275
2013-05-17,0.007774774452619989,0.0020979080194179277
2013-05-20,-0.011030079996457385,-0.002895181802607515
2013-05-21,-0.024165329828229932,-0.007095879868854387
2013-05-22,0.010744371615579956,0.0063060170034719
2013-05-23,0.0033391382989648275,-0.0004633937161792539
2013-05-24,-0.014896058211412492,-0.006498092806144028
2013-05-28,0.016142163744518708,0.004563087140712395
2013-05-29,0.003945095731020776,0.001574474754793366
2013-05-30,-0.001117223021376602,0.0006152937158974645
2013-05-31,-0.007901238522388112,-0.00021525239506497187
2013-06-03,-0.0063442527130029925,-0.004010186584185249
2013-06-04,-0.0015723676848611009,0.0014326613659084888
2013-06-05,-0.00021350695715452445,0.001696011823753638
2013-06-06,0.0056351996061616795,0.0014811241908112972
2013-06-07,0.007081098562294865,0.004367108104134799
2013-06-10,-0.004376929886201883,-0.0035242710871135827
2013-06-11,-0.008746528459282931,-0.003067402739327766
2013-06-12,0.003079147441756131,0.002876397457783927
2013-06-13,-0.0011001125122903409,-0.0018018845649563895
2013-06-14,-0.0032846791996908936,-0.00022958117695136526
2013-06-17,0.0036976152845390204,0.0008254302301323109
2013-06-18,0.004302128459346257,0.002833068984649826
2013-06-19,-0.001550997646310581,0.0011854393150060184
2013-06-20,-0.0002584144492561196,0.0006904988031271352
2013-06-21,-0.0005959525936512363,-0.0016612678034839798
2013-06-24,-0.002017489182510692,0.0009770322400516512
2013-06-25,0.00794596993204183,0.0007420866010605459
2013-06-26,0.005763783267797174,0.002322506975149137
2013-06-27,0.008639883402124984,0.0035410969929151334
2013-06-28,0.0011469673503944028,0.00047255270051726415
2013-07-01,0.0,0.0
2013-07-02,0.0,0.0
2013-07-03,0.0,0.0
2013-07-05,0.0,0.0
2013-07-08,0.0,0.0
2013-07-09,0.0,0.0
2013-07-10,0.0,0.0
2013-07-11,0.0,0.0
2013-07-12,0.0,0.0
2013-07-15,0.0,0.0
2013-07-16,0.0,0.0
2013-07-17,0.0,0.0
2013-07-18,0.0,0.0
2013-07-19,0.0,0.0
2013-07-22,0.0,0.0
2013-07-23,0.0,0.0
2013-07-24,0.0,0.0
2013-07-25,0.0,0.0
2013-07-26,0.0,0.0
2013-07-29,0.0,0.0
2013-07-30,0.0,0.0
2013-07-31,0.0,0.0
2013-08-01,0.0,0.0
2013-08-02,0.0,0.0
2013-08-05,0.0,0.0
2013-08-06,0.0,0.0
2013-08-07,0.0,0.0
2013-08-08,0.0,0.0
2013-08-09,0.0,0.0
2013-08-12,0.0,0.0
2013-08-13,0.0,0.0
2013-08-14,0.0,0.0
2013-08-15,0.0,0.0
2013-08-16,0.0,0.0
2013-08-19,0.0,0.0
2013-08-20,0.0,0.0
2013-08-21,0.0,0.0
2013-08-22,0.0,0.0
2013-08-23,0.0,0.0
2013-08-26,0.0,0.0
2013-08-27,0.0,0.0
2013-08-28,0.0,0.0
2013-08-29,0.0,0.0
2013-08-30,0.0,0.0
2013-09-03,0.0,0.0
2013-09-04,0.0,0.0
2013-09-05,0.0,0.0
2013-09-06,0.0,0.0
2013-09-09,0.0,0.0
2013-09-10,0.0,0.0
2013-09-11,0.0,0.0
2013-09-12,0.0,0.0
2013-09-13,0.0,0.0
2013-09-16,0.0,0.0
2013-09-17,0.0,0.0
2013-09-18,0.0,0.0
2013-09-19,0.0,0.0
2013-09-20,0.0,0.0
2013-09-23,0.0,0.0
2013-09-24,0.0,0.0
2013-09-25,0.0,0.0
2013-09-26,0.0,0.0
2013-09-27,0.0,0.0
2013-09-30,0.0,0.0
2013-10-01,0.0,0.0
2013-10-02,0.0,0.0
2013-10-03,0.0,0.0
2013-10-04,0.0,0.0
2013-10-07,0.0,0.0
2013-10-08,0.0,0.0
2013-10-09,0.0,0.0
2013-10-10,0.0,0.0
2013-10-11,0.0,0.0
2013-10-14,0.0,0.0
2013-10-15,0.0,0.0
2013-10-16,0.0,0.0
2013-10-17,0.0,0.0
2013-10-18,0.0,0.0
2013-10-21,0.0,0.0
2013-10-22,0.0,0.0
2013-10-23,0.0,0.0
2013-10-24,0.0,0.0
2013-10-25,0.0,0.0
2013-10-28,0.0,0.0
2013-10-29,0.0,0.0
2013-10-30,0.0,0.0
2013-10-31,0.0,0.0
2013-11-01,0.0,0.0
2013-11-04,0.0,0.0
2013-11-05,0.0,0.0
2013-11-06,0.0,0.0
2013-11-07,0.0,0.0
2013-11-08,0.0,0.0
2013-11-11,0.0,0.0
2013-11-12,0.0,0.0
2013-11-13,0.0,0.0
2013-11-14,0.0,0.0
2013-11-15,0.0,0.0
2013-11-18,0.0,0.0
2013-11-19,0.0,0.0
2013-11-20,0.0,0.0
2013-11-21,0.0,0.0
2013-11-22,0.0,0.0
2013-11-25,0.0,0.0
2013-11-26,0.0,0.0
2013-11-27,0.0,0.0
2013-11-29,0.0,0.0
2013-12-02,0.0,0.0
2013-12-03,0.0,0.0
2013-12-04,0.0,0.0
2013-12-05,0.0,0.0
2013-12-06,0.0,0.0
2013-12-09,0.0,0.0
2013-12-10,0.0,0.0
2013-12-11,0.0,0.0
2013-12-12,0.0,0.0
2013-12-13,0.0,0.0
2013-12-16,0.0,0.0
2013-12-17,0.0,0.0
2013-12-18,0.0,0.0
2013-12-19,0.0,0.0
2013-12-20,0.0,0.0
2013-12-23,0.0,0.0
2013-12-24,0.0,0.0
2013-12-26,0.0,0.0
2013-12-27,0.0,0.0
2013-12-30,0.0,0.0
2013-12-31,0.0,0.0
2014-01-02,0.0,0.0
2014-01-03,0.0,0.0
2014-01-06,0.0,0.0
2014-01-07,0.0,0.0
2014-01-08,0.0,0.0
2014-01-09,0.0,0.0
2014-01-10,0.0,0.0
2014-01-13,0.0,0.0
2014-01-14,0.0,0.0
2014-01-15,0.0,0.0
2014-01-16,0.0,0.0
2014-01-17,0.0,0.0
2014-01-21,0.0,0.0
2014-01-22,0.0,0.0
2014-01-23,0.0,0.0
2014-01-24,0.0,0.0
2014-01-27,0.0,0.0
2014-01-28,0.0,0.0
2014-01-29,0.0,0.0
2014-01-30,0.0,0.0
2014-01-31,0.0,0.0
2014-02-03,0.0,0.0
2014-02-04,0.0,0.0
2014-02-05,0.0,0.0
2014-02-06,0.0,0.0
2014-02-07,0.0,0.0
2014-02-10,0.0,0.0
2014-02-11,0.0,0.0
2014-02-12,0.0,0.0
2014-02-13,0.0,0.0
2014-02-14,0.0,0.0
2014-02-18,0.0,0.0
2014-02-19,0.0,0.0
2014-02-20,0.0,0.0
2014-02-21,0.0,0.0
2014-02-24,0.0,0.0
2014-02-25,0.0,0.0
2014-02-26,0.0,0.0
2014-02-27,0.0,0.0
2014-02-28,0.0,0.0
2014-03-03,0.0,0.0
2014-03-04,0.0,0.0
2014-03-05,0.0,0.0
2014-03-06,0.0,0.0
2014-03-07,0.0,0.0
2014-03-10,0.0,0.0
2014-03-11,0.0,0.0
2014-03-12,0.0,0.0
2014-03-13,0.0,0.0
2014-03-14,0.0,0.0
2014-03-17,0.0,0.0
2014-03-18,0.0,0.0
2014-03-19,0.0,0.0
2014-03-20,0.0,0.0
2014-03-21,0.0,0.0
2014-03-24,0.0,0.0
2014-03-25,0.0,0.0
2014-03-26,0.0,0.0
2014-03-27,0.0,0.0
2014-03-28,0.0,0.0
2014-03-31,0.0,0.0
2014-04-01,0.0,0.0
2014-04-02,0.0,0.0
2014-04-03,0.0,0.0
2014-04-04,0.0,0.0
2014-04-07,0.0,0.0
2014-04-08,0.0,0.0
2014-04-09,0.0,0.0
2014-04-10,0.0,0.0
2014-04-11,0.0,0.0
2014-04-14,0.0,0.0
2014-04-15,0.0,0.0
2014-04-16,0.0,0.0
2014-04-17,0.0,0.0
2014-04-21,0.0,0.0
2014-04-22,0.0,0.0
2014-04-23,0.0,0.0
2014-04-24,0.0,0.0
2014-04-25,0.0,0.0
2014-04-28,0.0,0.0
2014-04-29,0.0,0.0
2014-04-30,0.0,0.0
2014-05-01,0.0,0.0
2014-05-02,0.0,0.0
2014-05-05,0.0,0.0
2014-05-06,0.0,0.0
2014-05-07,0.0,0.0
2014-05-08,0.0,0.0
2014-05-09,0.0,0.0
2014-05-12,0.0,0.0
2014-05-13,0.0,0.0
2014-05-14,0.0,0.0
2014-05-15,0.0,0.0
2014-05-16,0.0,0.0
2014-05-19,0.0,0.0
2014-05-20,0.0,0.0
2014-05-21,0.0,0.0
2014-05-22,0.0,0.0
2014-05-23,0.0,0.0
2014-05-27,0.0,0.0
2014-05-28,0.0,0.0
2014-05-29,0.0,0.0
2014-05-30,0.0,0.0
2014-06-02,0.0,0.0
2014-06-03,0.0,0.0
2014-06-04,0.0,0.0
2014-06-05,0.0,0.0
2014-06-06,0.0,0.0
2014-06-09,0.0,0.0
2014-06-10,0.0,0.0
2014-06-11,0.0,0.0
2014-06-12,0.0,0.0
2014-06-13,0.0,0.0
2014-06-16,0.0,0.0
2014-06-17,0.0,0.0
2014-06-18,0.0,0.0
2014-06-19,0.0,0.0
2014-06-20,0.0,0.0
2014-06-23,0.0,0.0
2014-06-24,0.0,0.0
2014-06-25,0.0,0.0
2014-06-26,0.0,0.0
2014-06-27,0.0,0.0
2014-06-30,0.0,0.0
2014-07-01,0.0,0.0
2014-07-02,0.0,0.0
2014-07-03,0.0,0.0
2014-07-07,0.0,0.0
2014-07-08,0.0,0.0
2014-07-09,0.0,0.0
2014-07-10,0.0,0.0
2014-07-11,0.0,0.0
2014-07-14,0.0,0.0
2014-07-15,0.0,0.0
2014-07-16,0.0,0.0
2014-07-17,0.0,0.0
2014-07-18,0.0,0.0
2014-07-21,0.0,0.0
2014-07-22,0.0,0.0
2014-07-23,0.0,0.0
2014-07-24,0.0,0.0
2014-07-25,0.0,0.0
2014-07-28,0.0,0.0
2014-07-29,0.0,0.0
2014-07-30,0.0,0.0
2014-07-31,0.0,0.0
2014-08-01,0.0,0.0
2014-08-04,0.0,0.0
2014-08-05,0.0,0.0
2014-08-06,0.0,0.0
2014-08-07,0.0,0.0
2014-08-08,0.0,0.0
2014-08-11,0.0,0.0
2014-08-12,0.0,0.0
2014-08-13,0.0,0.0
2014-08-14,0.0,0.0
2014-08-15,0.0,0.0
2014-08-18,0.0,0.0
2014-08-19,0.0,0.0
2014-08-20,0.0,0.0
2014-08-21,0.0,0.0
2014-08-22,0.0,0.0
2014-08-25,0.0,0.0
2014-08-26,0.0,0.0
2014-08-27,0.0,0.0
2014-08-28,0.0,0.0
2014-08-29,0.0,0.0
2014-09-02,0.0,0.0
2014-09-03,0.0,0.0
2014-09-04,0.0,0.0
2014-09-05,0.0,0.0
2014-09-08,0.0,0.0
2014-09-09,0.0,0.0
2014-09-10,0.0,0.0
2014-09-11,0.0,0.0
2014-09-12,0.0,0.0
2014-09-15,0.0,0.0
2014-09-16,0.0,0.0
2014-09-17,0.0,0.0
2014-09-18,0.0,0.0
2014-09-19,0.0,0.0
2014-09-22,0.0,0.0
2014-09-23,0.0,0.0
2014-09-24,0.0,0.0
2014-09-25,0.0,0.0
2014-09-26,0.0,0.0
2014-09-29,0.0,0.0
2014-09-30,0.0,0.0
2014-10-01,0.0,0.0
2014-10-02,0.0,0.0
2014-10-03,0.0,0.0
2014-10-06,0.0,0.0
2014-10-07,0.0,0.0
2014-10-08,0.0,0.0
2014-10-09,0.0,0.0
2014-10-10,0.0,0.0
2014-10-13,0.0,0.0
2014-10-14,0.0,0.0
2014-10-15,0.0,0.0
2014-10-16,0.0,0.0
2014-10-17,0.0,0.0
2014-10-20,0.0,0.0
2014-10-21,0.0,0.0
2014-10-22,0.0,0.0
2014-10-23,0.0,0.0
2014-10-24,0.0,0.0
2014-10-27,0.0,0.0
2014-10-28,0.0,0.0
2014-10-29,0.0,0.0
2014-10-30,0.0,0.0
2014-10-31,0.0,0.0
2014-11-03,0.0,0.0
2014-11-04,0.0,0.0
2014-11-05,0.0,0.0
2014-11-06,0.0,0.0
2014-11-07,0.0,0.0
2014-11-10,0.0,0.0
2014-11-11,0.0,0.0
2014-11-12,0.0,0.0
2014-11-13,0.0,0.0
2014-11-14,0.0,0.0
2014-11-17,0.0,0.0
2014-11-18,0.0,0.0
2014-11-19,0.0,0.0
2014-11-20,0.0,0.0
2014-11-21,0.0,0.0
2014-11-24,0.0,0.0
2014-11-25,0.0,0.0
2014-11-26,0.0,0.0
2014-11-28,0.0,0.0
2014-12-01,0.0,0.0
2014-12-02,0.0,0.0
2014-12-03,0.0,0.0
2014-12-04,0.0,0.0
2014-12-05,0.0,0.0
2014-12-08,0.0,0.0
2014-12-09,0.0,0.0
2014-12-10,0.0,0.0
2014-12-11,0.0,0.0
2014-12-12,0.0,0.0
2014-12-15,0.0,0.0
2014-12-16,0.0,0.0
2014-12-17,0.0,0.0
2014-12-18,0.0,0.0
2014-12-19,0.0,0.0
2014-12-22,0.0,0.0
2014-12-23,0.0,0.0
2014-12-24,0.0,0.0
2014-12-26,0.0,0.0
2014-12-29,0.0,0.0
2014-12-30,0.0,0.0
2014-12-31,0.0,0.0
2015-01-02,0.0,0.0
2015-01-05,0.0,-0.0001
2015-01-06,0.0,-0.00041580099969009066
2015-01-07,0.0,-0.0005609835986861318
2015-01-08,0.0,-0.0011225078985792186
2015-01-09,0.0,-0.00038112624712319487
2015-01-12,0.0,-0.00047049545417142646
2015-01-13,0.0,2.2310228307202782e-07
2015-01-14,0.0,-0.00440575878447303
2015-01-15,0.0,-0.0028725862162357232
2015-01-16,0.0,0.0008174637859870506
2015-01-20,0.0,5.29525307290569e-05
2015-01-21,0.0,0.0007788405885379671
2015-01-22,0.0,0.005240850038173606
2015-01-23,0.0,-0.004111269682980184
2015-01-26,0.0,3.0777567547369256e-05
2015-01-27,0.0,-0.001539926448046735
2015-01-28,0.0,-0.00572206894779963
2015-01-29,0.0,-0.0032428313054925387
2015-01-30,0.0,-0.003859156490256699
2015-02-02,0.0,0.006858819167088114
2015-02-03,-0.0038064814153262816,0.010748695173393752
2015-02-04,0.0052802607726845675,-0.001354173348886096
2015-02-05,-0.0018164860855319999,0.003023299331522132
2015-02-06,0.0030917691133224355,0.00033699885306117555
2015-02-09,-0.0014018515069729569,0.002216137288317258
2015-02-10,0.001451169758386,0.0016099098536932006
2015-02-11,-0.00014153593168030838,-0.0016478546856442983
2015-02-12,-0.00207758893905455,0.0016672784748808817
2015-02-13,-0.007841620261698178,0.0014181091583937667
2015-02-17,0.001511584866462541,0.00011179090156573582
2015-02-18,0.0012381864031263431,-0.0002859773495613712
2015-02-19,0.0017393513264921721,-0.0021348278090923887
2015-02-20,9.42430512331289e-06,0.0013725334366784725
2015-02-23,-0.00214477352770098,0.0003496666916840417
2015-02-24,0.000878925003699943,-0.0006959412416281202
2015-02-25,-0.005010963549501736,0.0018287286846537763
2015-02-26,0.004954266635102126,-0.002782402352049778
2015-02-27,-0.0019958703861271457,0.0008131785298402544
2015-03-02,0.00187181676200009,-0.0005013282324218019
2015-03-03,-0.0006286434634342261,0.0004822779664890018
2015-03-04,-6.044487061109349e-05,0.0006793356335489235
2015-03-05,-0.005471046165719615,-0.0011351856308459464
2015-03-06,-0.005276533804426279,0.0029303432364813455
2015-03-09,0.012456914918677515,-0.0038555475211635055
2015-03-10,0.0032620729628331786,0.0004905705821118264
2015-03-11,0.008239854222558487,-0.0009885939193702523
2015-03-12,0.005744129614629152,0.0029513072380612806
2015-03-13,-0.0026820121053513636,-0.0004921180511319514
2015-03-16,9.296012341280582e-05,0.0013815717074819943
2015-03-17,-0.003417942957263763,0.0020365532906535325
2015-03-18,0.0021552273994549153,-0.0006400885016425245
2015-03-19,-0.0005537379981635552,0.0007239225686858985
2015-03-20,0.0049962329168007575,-0.0012868010596913376
2015-03-23,-0.005156340665408903,0.0020992875967692027
2015-03-24,0.004981781120993477,-0.002991588891310022
2015-03-25,-0.0043130237066266106,-0.00033546508796208257
2015-03-26,-0.00044110020974720267,9.053412345267457e-05
2015-03-27,-0.0028214552405059746,0.000280935764094976
2015-03-30,0.006173710430629454,0.00047609962391868165
2015-03-31,-0.0012777266505036688,0.000289607358080433
2015-04-01,-0.0003045146600029077,-0.0019630369329939803
2015-04-02,0.0036339567853375743,0.0005082255592256499
2015-04-06,0.004887819165255284,-0.0012488257466853703
2015-04-07,-0.0045070582229527235,0.0006441863645188132
2015-04-08,0.0032639078634773343,0.001379943444398705
2015-04-09,0.0031277109462905486,-0.0003967066263050464
2015-04-10,0.004525770262911755,-0.00030748169930178864
2015-04-13,-0.0015770783098451387,0.0007254993215611758
2015-04-14,-0.006908543028129007,0.002736788727091464
2015-04-15,-0.0009922619164231463,0.0009777832791963877
2015-04-16,0.0014545864005500544,0.00020323459290110015
2015-04-17,-0.002349246952218613,0.0012454348066228728
2015-04-20,-0.0013718458763985336,0.001057696166762919
2015-04-21,0.000801141367984824,-0.00017702251985715793
2015-04-22,-0.004360540695623005,0.0020362085519236234
2015-04-23,-0.0012817543706587075,-0.0006279751682472402
2015-04-24,-0.000631178873783838,-0.0001763445611039032
2015-04-27,0.004137265070807148,-0.0018627076678037512
2015-04-28,-0.0015621888036702323,-7.371668875196651e-05
2015-04-29,-0.0018712756507701148,0.000640833441957608
2015-04-30,0.0025018006805807816,-0.00034873976581899745
2015-05-01,0.003024584036297529,0.0007508544101089785
2015-05-04,0.003433940322427199,-0.0008961666814951042
2015-05-05,0.0008077976962549805,0.0007656396635030591
2015-05-06,0.006304734144841456,0.0005989719243550909
2015-05-07,-0.0027510743587439,0.00031666350720219643
2015-05-08,0.00037041569950197866,-0.00014902798544794052
2015-05-11,0.00010756213334056825,-0.0005579364339801193
2015-05-12,-0.001213998344038327,0.0010902806260109257
2015-05-13,0.0003571896342051019,-0.0016000591416794104
2015-05-14,-0.0024943799521380807,-0.0011673469262317244
2015-05-15,-0.0017644942108913228,-0.0008632585195785923
2015-05-18,0.0015007747924723077,0.0006322990751290026
2015-05-19,-0.00044296329353194505,-0.0001373445735717308
2015-05-20,0.001347371796366899,-0.0015654569836460568
2015-05-21,-0.0005621073023055115,0.0022449015872368964
2015-05-22,0.001820511615483225,-0.0006801640199148517
2015-05-26,0.0002996398507890945,-0.001932246141465454
2015-05-27,0.0007097951053408068,-0.0002332508922047393
2015-05-28,0.00400026697934135,6.810219956276285e-05
2015-05-29,-0.0010657570984782551,0.00197642841434479
2015-06-01,0.0032037007309217392,-0.001404046874019741
2015-06-02,0.00014173155810700118,0.00151719357581408
2015-06-03,0.00013241925533477713,0.0005233956823257282
2015-06-04,-0.0038292382430828178,0.00040244631612101575
2015-06-05,0.0010922507548590786,0.000829423967910786
2015-06-08,-0.0009649916903232496,-0.003637073399447087
2015-06-09,0.00015696350847196186,-0.0008806223225882042
2015-06-10,0.0008779067927315141,0.0016527453380365147
2015-06-11,0.0002415080798358482,0.0003390793671901072
2015-06-12,0.00026997680589006606,-0.0008037840513825768
2015-06-15,-0.001870148791001198,0.0011590513310888479
2015-06-16,0.0009026257047480375,6.320642885655193e-05
2015-06-17,-0.0027286187007687416,-0.0023424349371115594
2015-06-18,5.4954818643222834e-05,0.0023602233828905737
2015-06-19,-0.0008536802428985803,-0.0002556915208455506
2015-06-22,-0.0007357474773037505,0.0017331466793218992
2015-06-23,0.00231121748120418,0.0005899736240238963
2015-06-24,-0.006594385485088928,-0.0026825142139530775
2015-06-25,-0.0005478374817162101,-0.0024680034257363414
2015-06-26,-0.0007465848169601289,0.0015947853299025122
2015-06-29,-0.002602531484420095,-0.006912420866850514
2015-06-30,0.007873911307980715,-0.001415323598660342
2015-07-01,0.0,0.0
2015-07-02,0.0,0.0
2015-07-06,0.0,0.0
2015-07-07,0.0,0.0
2015-07-08,0.0,0.0
2015-07-09,0.0,0.0
2015-07-10,0.0,0.0
2015-07-13,0.0,0.0
2015-07-14,0.0,0.0
2015-07-15,0.0,0.0
2015-07-16,0.0,0.0
2015-07-17,0.0,0.0
2015-07-20,0.0,0.0
2015-07-21,0.0,0.0
2015-07-22,0.0,0.0
2015-07-23,0.0,0.0
2015-07-24,0.0,0.0
2015-07-27,0.0,0.0
2015-07-28,0.0,0.0
2015-07-29,0.0,0.0
2015-07-30,0.0,0.0
2015-07-31,0.0,0.0
2015-08-03,0.0,0.0
2015-08-04,0.0,0.0
2015-08-05,0.0,0.0
2015-08-06,0.0,0.0
2015-08-07,0.0,0.0
2015-08-10,0.0,0.0
2015-08-11,0.0,0.0
2015-08-12,0.0,0.0
2015-08-13,0.0,0.0
2015-08-14,0.0,0.0
2015-08-17,0.0,0.0
2015-08-18,0.0,0.0
2015-08-19,0.0,0.0
2015-08-20,0.0,0.0
2015-08-21,0.0,0.0
2015-08-24,0.0,0.0
2015-08-25,0.0,0.0
2015-08-26,0.0,0.0
2015-08-27,0.0,0.0
2015-08-28,0.0,0.0
2015-08-31,0.0,0.0
2015-09-01,0.0,0.0
2015-09-02,0.0,0.0
2015-09-03,0.0,0.0
2015-09-04,0.0,0.0
2015-09-08,0.0,0.0
2015-09-09,0.0,0.0
2015-09-10,0.0,0.0
2015-09-11,0.0,0.0
2015-09-14,0.0,0.0
2015-09-15,0.0,0.0
2015-09-16,0.0,0.0
2015-09-17,0.0,0.0
2015-09-18,0.0,0.0
2015-09-21,0.0,0.0
2015-09-22,0.0,0.0
2015-09-23,0.0,0.0
2015-09-24,0.0,0.0
2015-09-25,0.0,0.0
2015-09-28,0.0,0.0
2015-09-29,0.0,0.0
2015-09-30,0.0,0.0
2015-10-01,0.0,0.0
2015-10-02,0.0,0.0
2015-10-05,0.0,0.0
2015-10-06,0.0,0.0
2015-10-07,0.0,0.0
2015-10-08,0.0,0.0
2015-10-09,0.0,0.0
2015-10-12,0.0,0.0
2015-10-13,0.0,0.0
2015-10-14,0.0,0.0
2015-10-15,0.0,0.0
2015-10-16,0.0,0.0
2015-10-19,0.0,0.0
2015-10-20,0.0,0.0
2015-10-21,0.0,0.0
2015-10-22,0.0,0.0
2015-10-23,0.0,0.0
2015-10-26,0.0,0.0
2015-10-27,0.0,0.0
2015-10-28,0.0,0.0
2015-10-29,0.0,0.0
2015-10-30,0.0,0.0
2015-11-02,0.0,0.0
2015-11-03,0.0,0.0
2015-11-04,0.0,0.0
2015-11-05,0.0,0.0
2015-11-06,0.0,0.0
2015-11-09,0.0,0.0
2015-11-10,0.0,0.0
2015-11-11,0.0,0.0
2015-11-12,0.0,0.0
2015-11-13,0.0,0.0
2015-11-16,0.0,0.0
2015-11-17,0.0,0.0
2015-11-18,0.0,0.0
2015-11-19,0.0,0.0
2015-11-20,0.0,0.0
2015-11-23,0.0,0.0
2015-11-24,0.0,0.0
2015-11-25,0.0,0.0
2015-11-27,0.0,0.0
2015-11-30,0.0,0.0
2015-12-01,0.0,0.0
2015-12-02,0.0,0.0
2015-12-03,0.0,0.0
2015-12-04,0.0,0.0
2015-12-07,0.0,0.0
2015-12-08,0.0,0.0
2015-12-09,0.0,0.0
2015-12-10,0.0,0.0
2015-12-11,0.0,0.0
2015-12-14,0.0,0.0
2015-12-15,0.0,0.0
2015-12-16,0.0,0.0
2015-12-17,0.0,0.0
2015-12-18,0.0,0.0
2015-12-21,0.0,0.0
2015-12-22,0.0,0.0
2015-12-23,0.0,0.0
2015-12-24,0.0,0.0
2015-12-28,0.0,0.0
2015-12-29,0.0,0.0
2015-12-30,0.0,0.0
2015-12-31,0.0,0.0
2016-01-04,0.0,0.0
2016-01-05,0.0,0.0
2016-01-06,0.0,0.0
2016-01-07,0.0,0.0
2016-01-08,0.0,0.0
2016-01-11,0.0,0.0
2016-01-12,0.0,0.0
2016-01-13,0.0,0.0
2016-01-14,0.0,0.0
2016-01-15,0.0,0.0
2016-01-19,0.0,0.0
2016-01-20,0.0,0.0
2016-01-21,0.0,0.0
2016-01-22,0.0,0.0
2016-01-25,0.0,0.0
2016-01-26,0.0,0.0
2016-01-27,0.0,0.0
2016-01-28,0.0,0.0
2016-01-29,0.0,0.0
2016-02-01,0.0,0.0
2016-02-02,0.0,0.0
2016-02-03,0.0,0.0
2016-02-04,0.0,0.0
2016-02-05,0.0,0.0
2016-02-08,0.0,0.0
2016-02-09,0.0,0.0
2016-02-10,0.0,0.0
2016-02-11,0.0,0.0
2016-02-12,0.0,0.0
2016-02-16,0.0,0.0
2016-02-17,0.0,0.0
2016-02-18,0.0,0.0
2016-02-19,0.0,0.0
2016-02-22,0.0,0.0
2016-02-23,0.0,0.0
2016-02-24,0.0,0.0
2016-02-25,0.0,0.0
2016-02-26,0.0,0.0
2016-02-29,0.0,0.0
2016-03-01,0.0,0.0
2016-03-02,0.0,0.0
2016-03-03,0.0,0.0
2016-03-04,0.0,0.0
2016-03-07,0.0,0.0
2016-03-08,0.0,0.0
2016-03-09,0.0,0.0
2016-03-10,0.0,0.0
2016-03-11,0.0,0.0
2016-03-14,0.0,0.0
2016-03-15,0.0,0.0
2016-03-16,0.0,0.0
2016-03-17,0.0,0.0
2016-03-18,0.0,0.0
2016-03-21,0.0,0.0
2016-03-22,0.0,0.0
2016-03-23,0.0,0.0
2016-03-24,0.0,0.0
2016-03-28,0.0,0.0
2016-03-29,0.0,0.0
2016-03-30,0.0,0.0
2016-03-31,0.0,0.0
2016-04-01,0.0,0.0
2016-04-04,0.0,0.0
2016-04-05,0.0,0.0
2016-04-06,0.0,0.0
2016-04-07,0.0,0.0
2016-04-08,0.0,0.0
2016-04-11,0.0,0.0
2016-04-12,0.0,0.0
2016-04-13,0.0,0.0
2016-04-14,0.0,0.0
2016-04-15,0.0,0.0
2016-04-18,0.0,0.0
2016-04-19,0.0,0.0
2016-04-20,0.0,0.0
2016-04-21,0.0,0.0
2016-04-22,0.0,0.0
2016-04-25,0.0,0.0
2016-04-26,0.0,0.0
2016-04-27,0.0,0.0
2016-04-28,0.0,0.0
2016-04-29,0.0,0.0
2016-05-02,0.0,0.0
2016-05-03,0.0,0.0
2016-05-04,0.0,0.0
2016-05-05,0.0,0.0
2016-05-06,0.0,0.0
2016-05-09,0.0,0.0
2016-05-10,0.0,0.0
2016-05-11,0.0,0.0
2016-05-12,0.0,0.0
2016-05-13,0.0,0.0
2016-05-16,0.0,0.0
2016-05-17,0.0,0.0
2016-05-18,0.0,0.0
2016-05-19,0.0,0.0
2016-05-20,0.0,0.0
2016-05-23,0.0,0.0
2016-05-24,0.0,0.0
2016-05-25,0.0,0.0
2016-05-26,0.0,0.0
2016-05-27,0.0,0.0
2016-05-31,0.0,0.0
2016-06-01,0.0,0.0
2016-06-02,0.0,0.0
2016-06-03,0.0,0.0
2016-06-06,0.0,0.0
2016-06-07,0.0,0.0
2016-06-08,0.0,0.0
2016-06-09,0.0,0.0
2016-06-10,0.0,0.0
2016-06-13,0.0,0.0
2016-06-14,0.0,0.0
2016-06-15,0.0,0.0
2016-06-16,0.0,0.0
2016-06-17,0.0,0.0
2016-06-20,0.0,0.0
2016-06-21,0.0,0.0
2016-06-22,0.0,0.0
2016-06-23,0.0,0.0
2016-06-24,0.0,0.0
2016-06-27,0.0,0.0
2016-06-28,0.0,0.0
2016-06-29,0.0,0.0
2016-06-30,0.0,0.0
2016-07-01,0.0,0.0
2016-07-05,0.0,0.0
2016-07-06,0.0,0.0
2016-07-07,0.0,0.0
2016-07-08,0.0,0.0
2016-07-11,0.0,-0.0003333333333333333
2016-07-12,0.0,0.0021074458186207024
2016-07-13,0.0,0.00027366703811361785
2016-07-14,0.0,0.0002647493218493859
2016-07-15,0.0,-0.0010981366722416974
2016-07-18,0.0,0.0008770980995807128
2016-07-19,0.0,-0.0005219030498674092
2016-07-20,0.0,-0.0001826749226417887
2016-07-21,0.0,0.000812171504644896
2016-07-22,0.0,-0.009013042667047827
2016-07-25,0.0,0.010856488265843768
2016-07-26,0.0,0.003540063672398635
2016-07-27,0.0,0.005461428095632883
2016-07-28,0.0,0.004600039393267951
2016-07-29,0.0,0.01452328038137336
2016-08-01,0.0,0.003423294218191957
2016-08-02,-0.0014564630447223093,-0.0012752840395266218
2016-08-03,0.0006177128599104118,0.0008236171344009193
2016-08-04,-0.0053243349103157265,-0.007099113109060109
2016-08-05,0.000367425417583079,0.0004899005495526287
2016-08-08,0.00026965970301266436,0.00035954626538114276
2016-08-09,-0.0007945691709260251,-0.0010594255456108184
2016-08-10,-0.00010079640512499162,-0.00013439520485132844
2016-08-11,0.010477863587649386,0.013970484577502747
2016-08-12,-0.008762400815819402,-0.011683200915461158
2016-08-15,0.0023862378049229103,0.003181650359642481
2016-08-16,0.0012400097611286747,0.001653346323788836
2016-08-17,-0.0019286835314076684,-0.002571578003952536
2016-08-18,0.0003489235378504745,0.00046523137693963145
2016-08-19,-0.0009654598370020277,-0.0012872797636852076
2016-08-22,-0.0020551335142225922,-0.002740177978552673
2016-08-23,0.001523062724774839,0.002030750269751289
2016-08-24,0.002274266717425711,0.0030323555785146073
2016-08-25,0.0024646688462279078,0.003286225079840262
2016-08-26,0.002410981547959163,0.003214642016537607
2016-08-29,-0.00028066101226176623,-0.0003742146774969561
2016-08-30,-4.0866332486533156e-05,-5.448844251180905e-05
2016-08-31,-0.0008000378676806497,-0.0010667171486137608
2016-09-01,0.00029322649926168896,0.00039096866554173983
2016-09-02,-0.0006493253532306226,-0.0008657671373296779
2016-09-06,0.00040518402234637817,0.0005402453629343429
2016-09-07,0.0026176351967210783,0.0034901802610404183
2016-09-08,-0.002988812687930308,-0.003985083582474859
2016-09-09,-0.001324408104287955,-0.0017658774717492927
2016-09-12,0.00024440137810654027,0.0003258685040249382
2016-09-13,0.0009368418305240157,0.0012491224402497595
2016-09-14,0.0014357290728940313,0.0019143054298373836
2016-09-15,-0.0031505033359551693,-0.004200671113097193
2016-09-16,-0.004515701303317884,-0.0060209350689266194
2016-09-19,0.0011571801090070831,0.0015429068114549316
2016-09-20,0.00041984529644004527,0.0005597937283855401
2016-09-21,-0.0005073236183919804,-0.0006764314909462012
2016-09-22,-0.0003329031195275642,-0.0004438708258772274
2016-09-23,0.0012360455954074547,0.001648060793284302
2016-09-26,8.04971079939128e-06,1.073294772866434e-05
2016-09-27,-0.0019424217288759678,-0.0025898956375704956
2016-09-28,2.026270147632738e-05,2.7016935292060095e-05
2016-09-29,0.0014222272169312263,0.0018963029552267804
2016-09-30,0.002018475783562816,0.002691301044630001
2016-10-03,0.002173162430715647,0.0028975499068288426
2016-10-04,0.00039646373797686457,0.0005286183171579929
2016-10-05,0.0029873085578602555,0.003983078076058268
2016-10-06,0.001146237083909132,0.0015283161114610908
2016-10-07,0.0010388756147792111,0.0013851674859936582
2016-10-10,-0.0007185720877138117,-0.0009580961166898618
2016-10-11,0.0037749766939877585,0.005033302257274536
2016-10-12,0.004765887261985197,0.006354516347576646
2016-10-13,0.00012677750035994102,0.00016903666710038333
2016-10-14,-0.001543162177331139,-0.002057549569212439
2016-10-17,0.002945698495773584,0.003927597993291204
2016-10-18,-0.008103476850859086,-0.010804635798192097
2016-10-19,0.0012476428067895744,0.0016635237419313897
2016-10-20,0.00013727444740029045,0.00018303259648369026
2016-10-21,0.0005485194402067425,0.0007313592534090794
2016-10-24,-0.0008864962821905192,-0.0011819950426077827
2016-10-25,0.00010365209448201236,0.00013820279267585828
2016-10-26,0.0011322108930075282,0.0015096145235988694
2016-10-27,0.0010333828097120821,0.001377843745904685
2016-10-28,-0.0005531409821312766,-0.000737521309443696
2016-10-31,0.0011144003533284366,0.008245904651041816
2016-11-01,0.006515971460936644,0.003163793998674798
2016-11-02,-0.0035735964428336557,-0.005109497972119939
2016-11-03,-9.903326679521255e-05,0.0007379987703996987
2016-11-04,-0.007522709927234232,-0.007873707309920083
2016-11-07,-0.00501814955798853,-0.008323614550194092
2016-11-08,-0.0032637431704642577,-0.005179173616819459
2016-11-09,-0.010924404263226979,-0.006154717569988281
2016-11-10,0.00510102836809559,0.014225733886193194
2016-11-11,0.0047605766344121425,0.004396058717701269
2016-11-14,-0.0049195185533479815,-0.0013559360795479252
2016-11-15,-0.0032118746762641454,-0.003439619198403006
2016-11-16,0.0037594470271187837,-0.0033580823356956766
2016-11-17,-0.0011086769676046527,-0.003489324781321423
2016-11-18,0.0013201816073927957,0.002761664367539467
2016-11-21,0.003806352492167912,0.0010841329424393497
2016-11-22,-0.0008858758139375089,-0.006918874366190451
2016-11-23,0.00044273024743685823,0.0006807750552350364
2016-11-25,-0.0005188771617411325,0.001542988208068934
2016-11-28,0.0023620812917258976,0.001483129943408767
2016-11-29,-0.0017953702792772716,-0.0034707769656323905
2016-11-30,-0.0021188935163855335,0.007812223083997612
2016-12-01,-0.0018130415762560679,0.00431839914024321
2016-12-02,0.0027911353324124883,-0.0014794429968554585
2016-12-05,-0.0010011716038357823,-0.0011203357144453487
2016-12-06,0.002934171010184675,-0.007636005353623726
2016-12-07,0.0020512010360023,0.0016787279149181483
2016-12-08,-0.0003859069195487117,0.0019884438172339093
2016-12-09,0.0013882450554898462,-0.00024284412816280836
2016-12-12,-0.00024142850354844022,0.0021336755584352323
2016-12-13,-0.001393708014980993,-0.002260096207755996
2016-12-14,-5.526451225826274e-05,0.0026474510384942363
2016-12-15,-0.0009097320137134954,1.828571907145007e-05
2016-12-16,0.0027003781539523186,-0.014548524588231977
2016-12-19,0.0013808423946033467,-0.002846500494626528
2016-12-20,-0.00042277786757800254,0.004453127527786142
2016-12-21,-0.000758553497747349,-0.00033464025759235216
2016-12-22,0.0008133819814657954,-0.00468445056742885
2016-12-23,0.000800102314478578,-0.00396443341077918
2016-12-27,0.0006071150728931423,-0.002208762782957516
2016-12-28,0.0001506124829833908,0.0038521014102780257
2016-12-29,-0.0005615380317510034,0.003689659051798344
2016-12-30,-0.0006852996430676068,0.002393718812679599
2017-01-03,0.0,0.0
2017-01-04,0.0,0.0
2017-01-05,0.0,0.0
2017-01-06,0.0,0.0
2017-01-09,0.0,0.0
2017-01-10,0.0,0.0
2017-01-11,0.0,-0.00025
2017-01-12,0.0,0.001650292358891655
2017-01-13,0.0,-5.116635845414826e-05
2017-01-17,0.0,0.0029213834189670365
2017-01-18,0.0,0.0012415766266893064
2017-01-19,0.0,0.0013890220561518253
2017-01-20,0.0,0.0006772821897472235
2017-01-23,0.0,0.0
2017-01-24,0.0,0.0
2017-01-25,0.0,0.0
2017-01-26,0.0,0.0
2017-01-27,0.0,0.0
2017-01-30,0.0,0.0
2017-01-31,0.0,0.0
2017-02-01,0.0,-0.00025
2017-02-02,0.0008480077200626021,0.0008480077200651319
2017-02-03,-0.0009274176976979634,-0.0014735329549049859
2017-02-06,0.00024949731837789154,-0.0006278810496747727
2017-02-07,-0.0038841668336755007,-0.005328635390509718
2017-02-08,0.002654093944242203,0.0034872563609397106
2017-02-09,-0.0003094835731017221,-0.0004504749666256649
2017-02-10,-7.718325186026508e-05,0.001426268965746756
2017-02-13,0.00014948851168091991,0.0002370290715888402
2017-02-14,-0.00018064748871882263,0.0008851472257898798
2017-02-15,-0.0022201946256776403,-0.0040653293376246465
2017-02-16,0.0025756712049796343,0.0016795354235150943
2017-02-17,-0.0017595970268097574,-0.0020972464814364737
2017-02-21,0.0009311178286542728,-0.0002779099750783602
2017-02-22,0.0008765558790234464,-0.0011092724847704613
2017-02-23,-9.22900484918132e-06,0.004842925581824545
2017-02-24,0.00022359838107194923,-0.010359671716592403
2017-02-27,-0.0013458613525378334,-0.004156731513670428
2017-02-28,0.0005245634495163888,0.003654894489273328
2017-03-01,-0.0010600243392727953,0.0009416842433472286
2017-03-02,0.0008383190164825248,0.000855146882836417
2017-03-03,-0.0007650638506403588,-0.0009959412756554212
2017-03-06,0.002173460087180592,0.0007006917964423208
2017-03-07,0.002144936107745662,-0.0020791778236812046
2017-03-08,0.0030918610305505,-0.005298717195182559
2017-03-09,-0.0018547516795241843,0.0011141922365286005
2017-03-10,-0.0004443876166087932,-0.002855506041101047
2017-03-13,0.0013627142278631247,-0.0017148815563629675
2017-03-14,0.00016967439128193803,0.0004570752996217598
2017-03-15,-0.008728701337308003,-0.00047395031784570017
2017-03-16,0.003892858028200977,0.00019063051029158526
2017-03-17,-0.0023856338603171403,0.0006787701494230326
2017-03-20,0.000321547835873676,-0.001609582442180614
2017-03-21,-0.0015538661465263478,0.0015941761958303702
2017-03-22,-0.00112038774818697,-0.0018120057501385834
2017-03-23,9.546693398484297e-05,-0.0005789779690743546
2017-03-24,0.0026975020607464756,-0.0013536737932634
2017-03-27,-0.0007180940479829279,0.0006401262959438537
2017-03-28,-0.0031270259052936468,0.001738349134887505
2017-03-29,-0.0033376893374837645,0.004347904188230186
2017-03-30,0.0051295387196082076,-0.006145098422433016
2017-03-31,0.001450364224158724,-0.0009043777650239594
2017-04-03,-0.001796079383615436,-0.0004621152288552914
2017-04-04,-0.003972842932903542,0.003472842938939651
2017-04-05,-0.001964419262658202,0.001964419260919381
2017-04-06,-0.0001584836435444927,0.00015848363447141102
2017-04-07,-0.003851852523039065,0.0038518525302431083
2017-04-10,-0.0012103759846840958,0.0012103759948235392
2017-04-11,0.0007650614618838652,-0.0007650614723882709
2017-04-12,0.0012108332236897832,-0.0012108332125240942
2017-04-13,0.004263324563722824,-0.004263324554458503
2017-04-17,0.0022275780144509977,-0.002227578033339682
2017-04-18,-0.0010197885166832042,0.001019788527884178
2017-04-19,0.00471820425366335,-0.004718204246086215
2017-04-20,-0.004121661493871062,0.004121661494971314
2017-04-21,0.0019141483310427835,-0.0019141483163764076
2017-04-24,0.005108970817196809,-0.005108970826531102
2017-04-25,0.00020874161549577135,-0.00020874161785049155
2017-04-26,-0.0003647414029473732,0.0003647414022892349
2017-04-27,0.003588670839352314,-0.0035886708452421323
2017-04-28,1.1423419834213824e-06,-1.1423308674480062e-06
2017-05-01,0.00222136362227216,-0.002221363634254854
2017-05-02,0.00393478369284953,-0.003934783702338758
2017-05-03,-0.00023475106069259966,0.00023475105083529848
2017-05-04,0.0014666324116401094,-0.0014666324142643245
2017-05-05,-0.0010886195779648206,0.0010886195777691128
2017-05-08,0.0020936139839245363,-0.0020936139825743437
2017-05-09,0.0016204566999849484,-0.0016204566997043658
2017-05-10,-0.002272843019145875,0.002272843018667107
2017-05-11,0.0024584399424552586,-0.0024584399418102216
2017-05-12,0.0015603772941068883,-0.0015603772937193123
2017-05-15,-0.0010615433774587815,0.0010615433770433571
2017-05-16,0.0005868592628241648,-0.0005868592626400858
2017-05-17,-0.005759241504713377,0.005759241502911667
2017-05-18,-0.0014042073413349405,0.001404207340624364
2017-05-19,0.004317784507009667,-0.004317784505092859
2017-05-22,-0.00206125912379619,0.0020612591231962546
2017-05-23,0.005183311402624498,-0.005183311402442299
2017-05-24,0.002798571951638949,-0.002798571951027739
2017-05-25,-0.0002564543256156158,0.0002564543244846203
2017-05-26,-0.0006426499385904201,0.0006426499386030399
2017-05-30,0.007522052731257547,-0.0075220527286535485
2017-05-31,-0.005259277045055747,0.005259277043532519
2017-06-01,0.009185916695954623,-0.009185916691060995
2017-06-02,0.002820490354932222,-0.0028204903539921907
2017-06-05,-0.0029124135204198157,0.0029124135195849575
2017-06-06,-0.005183458934461696,0.005183458931522443
2017-06-07,0.0037256877029131926,-0.0037256877020730695
2017-06-08,0.0023873673328029363,-0.002387367332078759
2017-06-09,-0.0066221041927594345,0.006622104189164904
2017-06-12,0.002129262390082983,-0.002129262389271149
2017-06-13,-0.0008713047501007007,0.0008713047496298592
2017-06-14,-0.0021495319279651944,0.0021495319264998305
2017-06-15,0.0013564456716069315,-0.001356445671356076
2017-06-16,-1.9710014401575892e-05,1.9710015452705128e-05
2017-06-19,0.006068874984942409,-0.006068874982311618
2017-06-20,0.0032636808538394667,-0.003263680852480433
2017-06-21,0.0009470985615937985,-0.0009470985620342581
2017-06-22,0.002871100366619692,-0.002871100365850722
2017-06-23,-0.0034761510209224233,0.0034761510194132386
2017-06-26,0.0024950745045949773,-0.0024950745027788636
2017-06-27,-0.0008382316792355242,0.0008382316781204422
2017-06-28,0.001408433045390442,-0.0014084330454079744
2017-06-29,-0.001354006793027913,0.0011040067917543468
2017-06-30,0.001084358421701936,-0.0003678801588300469
2017-07-03,0.0,0.0
2017-07-05,0.0,0.0
2017-07-06,0.0,0.0
2017-07-07,0.0,0.0
2017-07-10,0.0,0.0
2017-07-11,0.0,0.0
2017-07-12,0.0,0.0
2017-07-13,0.0,0.0
2017-07-14,0.0,0.0
2017-07-17,0.0,-5e-05
2017-07-18,0.0,0.0002973923023959611
2017-07-19,0.0,-0.0002474856404418477
2017-07-20,0.0,0.0009271151815317228
2017-07-21,0.0,-0.000288407365315697
2017-07-24,0.0,-0.0003423721930341113
2017-07-25,0.0,0.00022225001507073487
2017-07-26,0.0,-0.00047655894987200486
2017-07-27,0.0,-9.927217245308678e-05
2017-07-28,0.0,-0.00016332126344281787
2017-07-31,0.0,0.0005457610631329064
2017-08-01,0.0,-0.0007321213531389574
2017-08-02,-0.0017884849589892998,0.0021019815453109693
2017-08-03,-0.0008173392253097135,8.505716783030363e-06
2017-08-04,0.0014817552375430841,-0.0012116391127782768
2017-08-07,-0.0010013173375769539,0.0016876351827035654
2017-08-08,0.0025928134780089825,-0.003702197567258625
2017-08-09,0.00023748814055835359,-0.00025392004942304555
2017-08-10,0.0025696449360320633,-0.0024113362147320933
2017-08-11,-0.0009350701566867968,0.002281289929986036
2017-08-14,-0.0007487396798541257,0.001887419170605215
2017-08-15,0.0001041306821677876,4.459655921783309e-05
2017-08-16,-0.002269659551144125,0.003100038262569376
2017-08-17,0.0010104400895987633,-0.0005801459472675255
2017-08-18,0.0009273158104548186,0.00015456758565331045
2017-08-21,-0.0006219699275541872,0.000608907957274385
2017-08-22,-0.0037205140484508838,0.005280707059369292
2017-08-23,0.0029806339716883074,-0.0022581899586583925
2017-08-24,0.0003304139024081402,0.0005067048352067597
2017-08-25,-0.010685923074218796,-0.0006643605811571515
2017-08-28,-0.002747063662660798,0.0004126986972007302
2017-08-29,0.003916742376813126,-0.001567985311086529
2017-08-30,-0.000179501757622111,0.0005816158100258204
2017-08-31,0.0013003110466083235,0.004877060648579217
2017-09-01,0.0010262089934585416,-0.00037720908418937735
2017-09-05,0.0012672816498255112,0.0005527498258313086
2017-09-06,-0.0023069129462233127,0.0033920193574099484
2017-09-07,-0.003638924035600817,0.003561648247292735
2017-09-08,-0.008926602186464815,0.0032210016130887493
2017-09-11,-0.0008495116991204597,0.00028502475966843887
2017-09-12,-0.0014765237593822391,-0.0001163339489562138
2017-09-13,-0.0005814019693045253,0.00024798750786761734
2017-09-14,-0.006655777392231481,0.0002694117638832988
2017-09-15,0.0007260434211797031,0.0012305722072065842
2017-09-18,0.0010493050892572448,-9.993931179932141e-05
2017-09-19,0.0014696736582116945,0.00044286199535174456
2017-09-20,0.0005842739437669501,0.0005991870333564225
2017-09-21,-0.0014060432912314793,-0.00028858519969181886
2017-09-22,-0.0009139955951217908,-0.00019061701599087336
2017-09-25,0.0014295277456556276,0.0001350880318029733
2017-09-26,0.001105581026748523,0.0007434961744519181
2017-09-27,0.0031179709295888823,0.0007399837035433769
2017-09-28,0.0002857202543153211,0.00037040964208007393
2017-09-29,-0.0017645983114573675,-0.0005273489691783407
2017-10-02,-0.0027645101361046176,-0.0006604453224571033
2017-10-03,0.0013591202250302892,0.00017555783348021013
2017-10-04,-0.002164243442072592,-0.0009652734209663109
2017-10-05,-0.0012207882805282302,-0.0003746612753444108
2017-10-06,-0.0015454114644259261,-0.0006957582874229303
2017-10-09,0.0002218952525933864,-3.718633071381769e-05
2017-10-10,-0.0020094750290634883,-0.00042184874945706683
2017-10-11,-0.0014237887930989184,-0.00018773586908249994
2017-10-12,-0.007295083882104175,-0.0017903260028279966
2017-10-13,0.0038501440814507357,0.0008755781295194577
2017-10-16,-0.0006049166985654577,-0.0009405071766405284
2017-10-17,0.005203343966683269,0.003446607158669096
2017-10-18,-0.003132580357201992,-0.001405579811680833
2017-10-19,-0.005313478209231905,-0.003368859147576604
2017-10-20,-0.001208314675656548,-0.0004147133133468497
2017-10-23,-0.0003790196020919491,-0.0008897463016991084
2017-10-24,-0.0005218988125602559,-0.0008390344641972435
2017-10-25,-0.00024113298165093103,0.0001837232245133993
2017-10-26,-0.0018214178407571016,-0.002147247523483571
2017-10-27,-0.002094835738012856,-0.0018160900644858095
2017-10-30,0.001917878690177066,0.0009851474031755776
2017-10-31,0.0003082780301871445,-0.0014947537873481354
2017-11-01,-0.00027779975786090594,-0.0025361085476867298
2017-11-02,0.0014257627174936371,0.00012669850351384985
2017-11-03,0.0006094542745569112,-0.0015606824511668668
2017-11-06,0.0007526175399912909,0.002670448799233124
2017-11-07,0.0008309604694999178,-0.0023782511016773554
2017-11-08,0.001998599221322786,0.0008439457567631531
2017-11-09,-0.0012964107883766856,0.0015367030222680643
2017-11-10,-0.0011574187233431002,0.0032026674082212348
2017-11-13,0.0011794493545563842,-0.0041746310201657075
2017-11-14,0.0005484812704258707,0.000771373853539742
2017-11-15,-0.0011031720160446117,0.0015469538227909255
2017-11-16,-0.0017592136158170162,-0.004042884401157166
2017-11-17,-0.00418429540718791,0.0009731995978217128
2017-11-20,0.002199487931269733,-0.003002867690751882
2017-11-21,-0.0003455890880919481,-0.0008029046083741543
2017-11-22,-0.001227538040214078,0.002038959168563162
2017-11-24,0.0009875613594474766,-0.0007621008580886903
2017-11-27,0.0014351140711326153,-0.00041516392079335755
2017-11-28,-0.0037859165956484198,0.0007629465375599523
2017-11-29,-0.002004164016855545,0.002545136925098924
2017-11-30,0.0016473662670022163,-0.0004979211334869713
2017-12-01,0.002760486272699907,0.0010605144108009037
2017-12-04,-0.0022375599795691386,0.0037797617946193243
2017-12-05,-0.0016523959685914638,-0.0023723557217110954
2017-12-06,0.00010894563933255683,0.0004354946420223968
2017-12-07,0.0009422501368676515,0.0006644155997676201
2017-12-08,-0.000758990810334296,-0.0016474665174138405
2017-12-11,0.0031270034732705358,-0.00025711142370882776
2017-12-12,8.751577473607784e-05,-0.0030387643330624966
2017-12-13,-0.00030134609464516483,-0.0008398737683668408
2017-12-14,-0.0013231291418787981,0.0043910522501968904
2017-12-15,0.0008212103553086803,-0.0031891005737082717
2017-12-18,-0.0016360392847134166,-0.00098955906102734
2017-12-19,-0.0016755862914008247,-0.0014532659115494841
2017-12-20,-0.00012162665977102054,-0.003484744436846625
2017-12-21,-0.0010703026443118924,-0.0005647684005472144
2017-12-22,0.0014199038110149168,0.0025433384406273194
2017-12-26,0.0008797380258414097,-8.80441120070304e-06
2017-12-27,-0.00010539992966253022,-0.0009527422719434715
2017-12-28,0.0003919711585853994,3.067525821855662e-05
2017-12-29,0.0007898832534554566,0.0021194168607643984
2018-01-02,0.0,0.0
2018-01-03,0.0,0.0
2018-01-04,0.0,0.0
2018-01-05,0.0,-0.0003333333333333333
2018-01-08,0.0,0.0028559264975619066
2018-01-09,0.0,-0.006052226117548397
2018-01-10,0.0,0.00042627043831690477
2018-01-11,0.0,0.0016935055875259932
2018-01-12,0.0,-0.002337458909283583
2018-01-16,0.0,0.006053956985653535
2018-01-17,0.0,0.00025599859413722576
2018-01-18,0.0,0.0007722102095913514
2018-01-19,0.0,0.0015701430188783953
2018-01-22,0.0,0.0028237715480278415
2018-01-23,0.0,0.005943100304488546
2018-01-24,0.0,-0.001991684081355311
2018-01-25,0.0,0.001999601370025885
2018-01-26,0.0,-0.0009844090773044284
2018-01-29,0.0,0.00031356710985640186
2018-01-30,0.0,-0.0002943629532289063
2018-01-31,0.0,0.00568169398148468
2018-02-01,0.002937031220850224,0.0045827082788488975
2018-02-02,0.002151948427166663,0.002869264570069209
2018-02-05,-0.001725829076850988,-0.0023011054362132633
2018-02-06,-0.00250034990075574,-0.00333379986827114
2018-02-07,0.00124608621529426,0.0016614482873564475
2018-02-08,-0.0036439836770294884,-0.004858644903575784
2018-02-09,0.007128241685424624,0.009504322248934305
2018-02-12,-0.0003380585909122862,-0.000450744787963741
2018-02-13,0.003849877224926045,0.005133169634153672
2018-02-14,-0.0040376849473514305,-0.005383579930765681
2018-02-15,0.0034677065136827557,0.004623608685738064
2018-02-16,-0.0014041865405789796,-0.0018722487211071447
2018-02-20,-0.00250162385778357,-0.003335498477641884
2018-02-21,0.002010755439130179,0.002681007252653529
2018-02-22,0.006904817697415641,0.00920642359820233
2018-02-23,2.5923004403839947e-26,-0.0003333333333333333
2018-02-26,-2.994287482258655e-27,3.850232063655804e-05
2018-02-27,-1.9942203238600122e-25,0.0025642865217230383
2018-02-28,1.4161813869487336e-25,-0.001821009845009781
2018-03-01,2.5641748916715349e-26,-0.0003297167838168874
2018-03-02,-2.3550618037101816e-25,0.0030282778531659817
2018-03-05,-0.001959589568800981,-0.0022794527780160027
2018-03-06,0.001242572022945446,0.0016567627102035015
2018-03-07,-0.0004885539718201955,-0.0006514053008491477
2018-03-08,-0.002052937108422171,-0.002737249499280078
2018-03-09,-0.0015047155202279994,-0.0020062873731855144
2018-03-12,0.0037882594250224152,0.0050510125820197715
2018-03-13,-0.00019679613881361339,-0.00026239485353868775
2018-03-14,0.0015030473487465002,0.0020040631318636827
2018-03-15,-0.0029470156547570644,-0.003929354218082209
2018-03-16,0.002488018169901212,0.0033173575742689223
2018-03-19,0.002728991639830312,0.00363865553190077
2018-03-20,-0.002768123826530588,-0.003690831781056972
2018-03-21,0.004520784112733147,0.006027712166427151
2018-03-22,0.0014300099241259924,0.0019066799093664163
2018-03-23,0.0042730297543642735,0.0056973730264671335
2018-03-26,-0.0018626437345334928,-0.002483524998779702
2018-03-27,-0.0024487836430472465,-0.003265044882903405
2018-03-28,-0.004448671901393042,-0.005931562578737144
2018-03-29,0.0018510228871964185,0.0024680305251223726
2018-04-02,0.002032589929872836,0.002710119919835918
2018-04-03,-0.0017183653186184263,-0.0022911537707963185
2018-04-04,7.724903363790175e-05,0.004523522136041654
2018-04-05,0.0008076987773472589,0.002396456769132717
2018-04-06,-0.00030692756102178423,0.0005158348440617326
2018-04-09,-5.7126310527952644e-05,-0.0013518538567769212
2018-04-10,0.0005243600740900943,-0.003480116532375408
2018-04-11,-0.0006982653995618263,-0.002018146758953978
2018-04-12,0.0003315211304426866,0.00913644559052522
2018-04-13,0.00015053699880893893,-0.007784733703134936
2018-04-16,-9.803903591793997e-05,1.0372266591422215e-05
2018-04-17,0.0005093146060978046,-0.007477682676104582
2018-04-18,8.170643910063006e-05,-0.0017905087154682872
2018-04-19,-0.00045444078241785183,0.004312638520201592
2018-04-20,-0.000857106823118456,0.0049419097404113845
2018-04-23,0.00011732526110153443,0.002892755637099629
2018-04-24,-0.0013479808785174041,-0.0013350362595106176
2018-04-25,-3.516065876170687e-06,0.007497395940358077
2018-04-26,-0.00010673020470301515,-0.00940471258759788
2018-04-27,-0.00042132677529721496,-0.007792438742757796
2018-04-30,-0.0001293747569121146,-0.003170673116129054
2018-05-01,-0.0011353222881188164,-0.0030258452005507063
2018-05-02,-0.0013375364806589235,0.0010412150299615498
2018-05-03,-0.0012727048847450046,-0.006917244163521405
2018-05-04,0.002479844831167373,-0.004231289175019994
2018-05-07,0.007314006400386006,-0.014915795822435277
2018-05-08,-0.0021715121532291694,0.0021385888600751624
2018-05-09,0.0006276345174638035,-0.010405620941332358
2018-05-10,0.0003088068528816531,-0.0030398736790398146
2018-05-11,-0.0008888494072755763,0.0007379062245286236
2018-05-14,0.0014609518576330191,0.0009991717663770966
2018-05-15,-0.002453435791051988,-0.0010046990634322722
2018-05-16,0.00404945351040535,-0.0018575807652147479
2018-05-17,0.0001154992538258315,0.0026932424834373017
2018-05-18,0.00042749736902024805,0.001728492600246005
2018-05-21,-0.0031175247021691882,-0.001979724081136765
2018-05-22,0.002291114337656746,-0.0045345332848102
2018-05-23,0.0011181722601353906,-0.0041883250209189165
2018-05-24,-0.0008730354130503043,-0.004490003213429119
2018-05-25,-0.0007425676497216022,0.004682980846590997
2018-05-29,0.0015835696437712435,-0.0029196828229166964
2018-05-30,0.0016296082273361834,-0.011411407795102198
2018-05-31,0.0013573845560318223,0.0007463692086864824
2018-06-01,-0.00045549323576331594,-0.0011591131038393998
2018-06-04,0.010466136261324841,-0.014621515529387155
2018-06-05,-0.005739108469062407,0.00765214484528249
2018-06-06,-0.0007874549394041243,0.0010499399588406043
2018-06-07,-0.0026866780245799133,0.0035822374377033417
2018-06-08,-0.0039273071173876965,0.005236409718614725
2018-06-11,0.0034836493887196187,-0.0046448659518562915
2018-06-12,0.003753409475840845,-0.005004546078131578
2018-06-13,-0.0005649372297516354,0.0007532496901409801
2018-06-14,0.006543043591375669,-0.00872405842090869
2018-06-15,-0.00182517322362926,0.0024335644120286317
2018-06-18,0.004631172056302124,-0.0061748963067935776
2018-06-19,0.004241910699839792,-0.005655881094570842
2018-06-20,0.003245081629656772,-0.004326775652266373
2018-06-21,0.01056103603572587,-0.014081381858224164
2018-06-22,-0.0012289165768267708,0.0016385554632784172
2018-06-25,0.0013518532631254087,-0.0018024711476851145
2018-06-26,0.0018854015647700333,-0.0025138688516405066
2018-06-27,-0.005290281231124581,0.007053708549864928
2018-06-28,0.0032045346726266373,-0.004272712997395617
2018-06-29,-0.0020170921289377757,0.002689456281379642
2018-07-02,0.0,0.0
2018-07-03,0.0,0.0
2018-07-05,0.0,0.0
2018-07-06,0.0,0.0
2018-07-09,0.0,-0.0002
2018-07-10,0.0,0.0011609886920918636
2018-07-11,0.0,0.0015551432816995636
2018-07-12,0.0,0.0005483887143046287
2018-07-13,0.0,-0.0009243926907605724
2018-07-16,0.0,0.0011259006930800322
2018-07-17,0.0,-0.0015771320120724908
2018-07-18,0.0,0.0009085280687019337
2018-07-19,0.0,-0.004290360469966304
2018-07-20,0.0,3.459672579917642e-05
2018-07-23,0.0,7.173031216215903e-05
2018-07-24,0.0,0.0024318761468448157
2018-07-25,0.0,0.0011515409745424044
2018-07-26,0.0,-0.003150538013237343
2018-07-27,0.0,8.373060118582101e-05
2018-07-30,0.0,-0.0032980603157295287
2018-07-31,0.0,0.00313926300733689
2018-08-01,-0.0013944207902867782,-0.0010881097272035251
2018-08-02,0.003115972366927142,-0.0018848261053782533
2018-08-03,-0.0034531486382780655,-0.006403735319941789
2018-08-06,0.0029448239885964934,0.0007023218221389781
2018-08-07,-0.001888518290715076,0.000516676931430874
2018-08-08,0.0008767037645942254,-0.0012400338662809179
2018-08-09,0.00044267429238990146,-0.001794148684305768
2018-08-10,0.0006961147338197084,-0.0021427906815758777
2018-08-13,0.00011305019398239976,0.005573503259735559
2018-08-14,0.003116622300236532,-0.0014741303492331749
2018-08-15,0.0028865610858226816,-0.002537736796610791
2018-08-16,-0.0005392668628935093,-0.0067994921342639575
2018-08-17,0.0008149447098891719,-0.002504680331974154
2018-08-20,-0.001264370038902329,-0.0014736112643785543
2018-08-21,-0.00012072995834150254,0.002057091695954304
2018-08-22,-0.0005174710500170652,-0.00048416927324135137
2018-08-23,0.0010289620886382007,-0.0011931062720108286
2018-08-24,-0.001199500321277676,-0.0023312247421705965
2018-08-27,-7.655822376268352e-05,0.0026161542698666983
2018-08-28,0.0008569740353857748,0.0012112208855968806
2018-08-29,-0.00025979812676335415,-0.0023185124962315294
2018-08-30,-0.0008937268827258914,0.0009512633019739414
2018-08-31,0.0023402652674014784,-0.0035563692116791683
2018-09-04,0.003598866925156334,-0.002434032851005454
2018-09-05,0.00020370027040684724,0.00041242945574740045
2018-09-06,0.003130274502632459,-0.000827936439099035
2018-09-07,0.005383874642725117,-0.002278011112718011
2018-09-10,-0.001606879543456686,0.00021941356301410063
2018-09-11,0.00014899429128483065,-0.0012369329982054545
2018-09-12,-0.0016079104393785745,-0.0010764099928561436
2018-09-13,-0.0008312259425816749,-0.002265812203922691
2018-09-14,-0.0029091399328426827,0.003535888106661582
2018-09-17,-0.0006896043049771683,0.002650848557767637
2018-09-18,0.0006300681956030057,-0.0016126451458796565
2018-09-19,-0.002096060865575825,0.0022079165271508745
2018-09-20,0.0013185501685640199,-0.0045662916918734605
2018-09-21,0.0030339938376320362,-0.003800370937104597
2018-09-24,-0.0002609657140520129,0.0022428024419591758
2018-09-25,0.004210268673517142,-0.001443409582010643
2018-09-26,0.001777685662552215,-0.0035754974487008755
2018-09-27,0.00023721037758737805,-0.001859090363090565
2018-09-28,0.0069923009393414596,-0.008668155360902702
2018-10-01,-0.00338985042873756,0.002311880288266865
2018-10-02,9.327812090165091e-05,-7.462249691245578e-05
2018-10-03,-0.0039950379897374586,0.003196030426666985
2018-10-04,-0.0065345575797928455,0.005227646242856248
2018-10-05,0.004325210680200244,-0.0034601684968404455
2018-10-08,0.002616276665490232,-0.0020930212982168367
2018-10-09,0.004504547573386243,-0.0036036381581274523
2018-10-10,-0.007996028427681769,0.006396822980293335
2018-10-11,-0.007597870479747031,0.006078296570632845
2018-10-12,0.0038028660964084787,-0.003042292981450626
2018-10-15,0.0038862714271188305,-0.0031090171575846337
2018-10-16,0.009395814423734782,-0.007516651839895045
2018-10-17,-0.01641633517675329,0.013133069055199545
2018-10-18,0.0017922277762685212,-0.0014337821746616697
2018-10-19,0.0108301085056964,-0.008664086915586252
2018-10-22,0.003621679029604219,-0.0028973432114812823
2018-10-23,0.0007611967144100756,-0.0006089573531939335
2018-10-24,-0.0015128774483296385,0.0012103019286992586
2018-10-25,0.002026115982547755,-0.0016208927817590827
2018-10-26,0.0012165700082607583,-0.0009732559927801264
2018-10-29,0.007532597292940273,-0.006026078474916964
2018-10-30,-0.009675816970340341,-0.006239368016131732
2018-10-31,-0.0029052700029849696,0.004814131803577192
2018-11-01,-0.0056650421549600555,0.005419618498461894
2018-11-02,0.0022575913548754864,-0.005727670753942843
2018-11-05,0.014195057993130332,-0.0021946819568300266
2018-11-06,0.004989812603848547,0.0015431936274131757
2018-11-07,0.004361918274898559,-0.0023043388925528536
2018-11-08,0.002599046007752917,-0.0018534444458574704
2018-11-09,0.01048919878641536,-0.0066893114832776955
2018-11-12,0.0025871258072251192,-0.006217162786406792
2018-11-13,0.0006848322043728132,-0.0009355574493742675
2018-11-14,-0.000836595008172936,-0.0018227511267187948
2018-11-15,-0.0011928802654009448,0.002350175613606698
2018-11-16,0.003927748788828416,-0.002415582349298444
2018-11-19,-0.0014325236883044096,-0.0023497354199370963
2018-11-20,-0.016977243730299563,0.007534231120733871
2018-11-21,0.002623689222153696,0.0026905493687578753
2018-11-23,0.0025078254994394837,-0.005076366804827945
2018-11-26,0.0027430959932809584,0.002370151937915305
2018-11-27,0.0014958925839252163,0.0006971188970857657
2018-11-28,0.0050189914544461695,0.0013075511638003133
2018-11-29,0.0002697306468684871,0.005694235884620359
2018-11-30,-0.004441820538425348,0.0031871600484371307
2018-12-03,0.0015892926598428559,-0.0009019263901914737
2018-12-04,-0.0033774961430066545,-0.008411479281535019
2018-12-06,-0.0033635149227200724,-0.002215889233977837
2018-12-07,-0.005447264707033996,-0.0008938360605930313
2018-12-10,0.008392654279815925,-0.004292686444789745
2018-12-11,0.006103694571315769,-0.010368487056326935
2018-12-12,0.005556897015198436,-0.002433576658790908
2018-12-13,0.001786901422063928,-0.007842611664168728
2018-12-14,-0.0025392962721247575,0.0031877305911166168
2018-12-17,-0.013490977561764705,0.00994355782638016
2018-12-18,-0.0016460448262536017,0.004881315487641998
2018-12-19,-0.0030673332740566647,0.0009477955013522032
2018-12-20,-0.006368734081006128,0.004672202018804374
2018-12-21,-0.002018843859409906,0.003933414927860426
2018-12-24,-0.010493410271721777,0.007047576925987543
2018-12-26,0.015372760829804452,-0.008294201580693661
2018-12-27,0.00010263293788384225,-0.001721717853373795
2018-12-28,-8.110608554335764e-05,0.0015305493051349036
2018-12-31,0.0033447371171850333,-0.005415121720429704
2019-01-02,0.0,0.0
2019-01-03,0.0,0.0
2019-01-04,0.0,0.0
2019-01-07,0.0,-0.001
2019-01-08,0.0,0.0006775248350204374
2019-01-09,0.0,0.021067634073492734
2019-01-10,0.0,-0.0003475936675865404
2019-01-11,0.0,-0.008609524529069896
2019-01-14,0.0,0.0
2019-01-15,0.0,0.0
2019-01-16,0.0,0.0
2019-01-17,0.0,-0.001
2019-01-18,0.0,-0.001072725015377942
2019-01-22,0.0,0.0024608214581154936
2019-01-23,0.0,0.0007846951675570309
2019-01-24,0.0,-0.0017788164549278015
2019-01-25,0.0,0.01958167557712713
2019-01-28,0.0,0.0
2019-01-29,0.0,0.0
2019-01-30,0.0,0.0
2019-01-31,0.0,-0.001
2019-02-01,0.004815643366260584,0.020262573477732262
2019-02-04,0.0,0.0
2019-02-05,0.0,0.0
2019-02-06,0.0,0.0
2019-02-07,0.0,0.0
2019-02-08,0.0,0.0
2019-02-11,0.0,0.0
2019-02-12,0.0,0.0
2019-02-13,0.0,0.0
2019-02-14,0.0,0.0
2019-02-15,0.0,0.0
2019-02-19,0.0,0.0
2019-02-20,0.0,0.0
2019-02-21,0.0,0.0
2019-02-22,0.0,0.0
2019-02-25,0.0,0.0
2019-02-26,0.0,0.0
2019-02-27,0.0,0.0
2019-02-28,0.0,0.0
2019-03-01,0.0,0.0
2019-03-04,0.0,0.0
2019-03-05,-4.2289338697543144e-13,0.0
2019-03-06,-0.0002500000002581967,-0.001
2019-03-07,0.0003397819305675542,0.0013591277208665278
2019-03-08,-0.0004063725090645808,-0.0016254900345795387
2019-03-11,-0.0015386225977214363,-0.006154490384529469
2019-03-12,0.00031149086899832234,0.0012459634747064748
2019-03-13,0.0005830584471260216,0.0023322337860953862
2019-03-14,-0.0013764088383373748,-0.005505635347663352
2019-03-15,-0.001296159742690428,-0.005184638965407086
2019-03-18,0.0007099556559005713,0.002839822620669354
2019-03-19,0.0009424715142257277,0.0037698860530094224
2019-03-20,0.002005807586823476,0.008023230339007618
2019-03-21,-0.00041483828946893987,-0.0016593531561620014
2019-03-22,-0.00039916409116562065,-0.001596656363013477
2019-03-25,0.00030471919033535605,0.0012188767600825844
2019-03-26,-0.0012807426474256774,-0.0051229705844117734
2019-03-27,-0.0006755531698749899,-0.0027022126767091504
2019-03-28,0.00041438444124599174,0.001657537763272084
2019-03-29,-5.2723197314225834e-05,-0.00021089278903909606
2019-04-01,-0.00012060259068201541,-0.0004824103622298346
2019-04-02,-0.0004088597831874101,-0.0016354391310605804
2019-04-03,-0.0005846927326409731,-0.002338770928240034
2019-04-04,-0.0003032043458854915,-0.00121281738237236
2019-04-05,0.0009633097159784586,0.0038532388601978823
2019-04-08,0.000371603841784877,0.001486415365706052
2019-04-09,0.0004274959244453084,0.001709983696132175
2019-04-10,0.0001456094473036801,0.0005824377886530343
2019-04-11,0.0004323038500691946,0.001729215398609173
2019-04-12,-0.001966819670409756,-0.007867278674052049
2019-04-15,-0.0018048409294497013,-0.00721936371083666
2019-04-16,-0.002575557435988169,-0.010302229734017504
2019-04-17,-0.007066592396273434,-0.02826636955783447
2019-04-18,0.0008531516511622827,0.003412606601358112
2019-04-22,-0.007663324680714226,-0.030653298693295753
2019-04-23,0.0007798760447128098,0.0031195041758428797
2019-04-24,0.0017237125360519215,0.0068948501375584925
2019-04-25,0.002355462565402743,0.009421850252524813
2019-04-26,-0.0014771185013924952,-0.005908473999872019
2019-04-29,-0.0028462869912510486,-0.011385147954024687
2019-04-30,-0.0001933286128486257,-0.0007733144506487408
2019-05-01,-0.0012824598340719904,-0.005129839331340893
2019-05-02,0.0025591224086882955,0.010236489624881408
2019-05-03,-0.0008425954399383743,0.0013703817607324722
2019-05-06,0.00010948836110209226,-0.0004379534447674231
2019-05-07,0.0016250786607812948,-0.006500314648454432
2019-05-08,-0.00040572555974082764,0.0016229022402938394
2019-05-09,-0.0009489036778229133,0.00379561471440347
2019-05-10,0.0009836827168754152,-0.003934730870727532
2019-05-13,0.00034758873965188436,-0.0013903549597474134
2019-05-14,0.0008524724817966414,-0.003409889929982148
2019-05-15,0.001981547579767208,-0.007926190325567082
2019-05-16,0.0015590646241941972,-0.006236258501889556
2019-05-17,-0.00036792806829030907,0.0014717122743678126
2019-05-20,0.0008981962070011328,-0.003592784830950059
2019-05-21,0.0002796119119801727,-0.001118447648837645
2019-05-22,-4.103969266140972e-05,0.0001641587707802237
2019-05-23,2.8788920435087785e-06,-1.15155681834761e-05
2019-05-24,0.00043580271737421233,-0.0017432108709260125
2019-05-28,0.002115572960983166,-0.008462291850870433
2019-05-29,-0.001040167839501506,0.00416067136141713
2019-05-30,-0.0011148382793314843,0.004459353120981917
2019-05-31,0.0013885897143494658,-0.005554358861951578
2019-06-03,-0.0010575655380970848,0.0042302621558565
2019-06-04,-0.0001206115536422031,0.00048244621222458955
2019-06-05,0.00048534860227134253,-0.001941394407089063
2019-06-06,0.0013206483613245929,-0.005282593439866359
2019-06-07,-0.00013187673060841842,0.0005275069218912461
2019-06-10,-0.001502779101770581,0.0060111164009011816
2019-06-11,0.00019591812726274326,-0.0007836725082451341
2019-06-12,0.002047497683040613,-0.008189990723740805
2019-06-13,-0.0026871650570508125,0.010748660217150562
2019-06-14,0.002122300833530783,-0.00848920332539381
2019-06-17,-0.0022531400171724243,0.009012560059422215
2019-06-18,-0.0022700638909767487,0.009080255554569903
2019-06-19,0.00030507339167035094,-0.001220293565426594
2019-06-20,0.00045534536543165354,-0.0018213814598537145
2019-06-21,0.0008697881572349374,-0.0034791526253621884
2019-06-24,0.0006266126068235278,-0.002506450424716765
2019-06-25,-0.0011653925190157938,0.004661570071269752
2019-06-26,0.0011595494049433308,-0.004638197615003933
2019-06-27,-0.0006560352291660482,0.0026241409139658276
2019-06-28,0.0009008730055407313,-0.003603492018457508
2019-07-01,0.0,0.0
2019-07-02,0.0,0.0
2019-07-03,0.0,0.0
2019-07-05,0.0,0.0
2019-07-08,0.0,0.0
2019-07-09,0.0,0.0
2019-07-10,0.0,0.0
2019-07-11,0.0,0.0
2019-07-12,0.0,0.0
2019-07-15,0.0,0.0
2019-07-16,0.0,0.0
2019-07-17,0.0,-0.001
2019-07-18,0.0,-0.0011185627379897277
2019-07-19,0.0,-0.005390164509997708
2019-07-22,0.0,-0.0014928156647450856
2019-07-23,0.0,0.007695340264895374
2019-07-24,0.0,0.005555088107280628
2019-07-25,0.0,0.004477132527249871
2019-07-26,0.0,-0.005550965172360367
2019-07-29,0.0,-0.006754699286675176
2019-07-30,0.0,-0.011921959851056735
2019-07-31,-0.00207536970620393,0.007301478829202854
2019-08-01,-0.0012463411227827278,0.004985364493765557
2019-08-02,-1.2515012819888939e-05,5.00600513060113e-05
2019-08-05,-0.002372201108093482,0.009488804437388535
2019-08-06,0.0016429321394346936,-0.006571728561211776
2019-08-07,0.002392692105010814,-0.009570768425101179
2019-08-08,-0.005399064171958809,0.02159625669924834
2019-08-09,-0.0008987955584195845,0.003595182235578306
2019-08-12,0.0016368546777981708,-0.006547418714652838
2019-08-13,0.0018713469911477085,-0.0074853879685466826
2019-08-14,0.004026355580924831,-0.016105422332210656
2019-08-15,-0.0007015414915667382,0.0028061659677499446
2019-08-16,0.0007514796030875979,-0.0030059184139389476
2019-08-19,0.0012550161499279924,-0.005020064602364954
2019-08-20,-0.0008935985728622577,0.003574394293338013
2019-08-21,0.0010919546512076596,-0.004367818607138927
2019-08-22,0.0014394412509261692,-0.005757765006747518
2019-08-23,0.0021581637146259433,-0.008632654863065926
2019-08-26,0.0017040235076763244,-0.0068160940343074405
2019-08-27,0.0010453280551151474,-0.004181312222670313
2019-08-28,0.0003260884191023389,-0.0013043536770986756
2019-08-29,-0.002361043677502969,0.009444174699253655
2019-08-30,-0.0010528184635876135,0.004211273850225642
2019-09-03,0.004608571963326576,-0.01843428783525049
2019-09-04,-0.0005116184241656424,0.0020464736946581123
2019-09-05,-0.001183530744949679,0.004734122975161789
2019-09-06,0.0016302378963501249,-0.00652095157901343
2019-09-09,-2.5814205858548365e-05,0.0001032568233330566
2019-09-10,-0.004200306819068312,0.01680122725981697
2019-09-11,-0.004437121362159739,0.017748485431254866
2019-09-12,0.004382915001423238,-0.017531659988521235
2019-09-13,6.255454389057326e-07,-2.502181753172121e-06
2019-09-16,-0.0008495451420402497,0.0033981805648325867
2019-09-17,-0.0015432868929940516,0.0061731475659298
2019-09-18,-0.0002912530503704959,0.0011650122003408904
2019-09-19,0.0021800934551133634,-0.008720373811912117
2019-09-20,0.0018069452303234965,-0.0072277809142145995
2019-09-23,0.0017998585515300437,-0.007199434199068553
2019-09-24,0.001289237760928427,-0.005156951038662635
2019-09-25,-0.0007243856149974579,0.002897542457151779
2019-09-26,-4.182248256228745e-05,0.00016728993008529452
2019-09-27,0.0013832159358922282,-0.0055328637381496446
2019-09-30,-0.0018468010515564305,0.007387204199844347
2019-10-01,0.0010142691654795232,-0.004057076658486866
2019-10-02,-0.0017347215679553313,0.006938886265952841
2019-10-03,-0.0019575885399679997,0.007830354153249565
2019-10-04,4.304552154779621e-05,-0.0001721820860455638
2019-10-07,-0.00033262040035019413,0.0013304816002755369
2019-10-08,0.001209583227319365,-0.004838332905185495
2019-10-09,2.712561479370306e-05,-0.00010850245908304752
2019-10-10,-0.0028539303930798913,0.011415721562664849
2019-10-11,-0.0016254444652500158,0.006501777855501259
2019-10-14,0.0011979229929784774,-0.004791691967861391
2019-10-15,-0.003250245783376999,0.013000983122512562
2019-10-16,-0.00011335686956099496,0.00045342747786049874
2019-10-17,-8.963551914552028e-05,0.00035854207627884825
2019-10-18,0.0008206441782700047,-0.003282576710303817
2019-10-21,0.0019771163701396517,-0.007908465473870111
2019-10-22,0.0025974200402482323,-0.010389680152205975
2019-10-23,0.0001466978754550037,-0.0005867915013237426
2019-10-24,0.0011347664394127334,-0.00453906575381207
2019-10-25,-0.0002954115900872096,0.0011816463593494744
2019-10-28,-0.0005254829082278607,0.002101931631133758
2019-10-29,0.00015574665030191348,-0.0006229866010214402
2019-10-30,-0.0001824205278411644,0.0007296821109006998
2019-10-31,-0.0016945444673412686,0.006778177865055269
2019-11-01,-0.0008055425984124021,0.0032221703916008385
2019-11-04,-0.0025016278134154394,0.010006511247299264
2019-11-05,-0.000970904630610577,0.003883618519972966
2019-11-06,0.0005600852717387217,-0.0022403410855303986
2019-11-07,-0.008805278293866474,0.03522111315307107
2019-11-08,0.00312123569229074,-0.012484942761224591
2019-11-11,0.0006995288287176874,-0.002798115313091609
2019-11-12,-0.0010850744746373935,0.004340297895789859
2019-11-13,-0.00022785642674044037,0.0009114257063822448
2019-11-14,-0.0025345333243716804,0.010138133291040538
2019-11-15,-5.964598973871717e-05,0.00023858395880316854
2019-11-18,-0.0004628514290721701,0.0018514057151114913
2019-11-19,0.0003880694855585713,-0.001552277941247292
2019-11-20,-0.0007877596826046477,0.003151038728415049
2019-11-21,-0.0021892433894045785,0.00875697355205032
2019-11-22,0.0015030207515045763,-0.0060120830021956105
2019-11-25,-0.0016779791392728634,0.00671191655282378
2019-11-26,0.00020136022133563803,-0.0008054408848304244
2019-11-27,0.000699674563302127,0.004798698256519242
2019-11-29,0.0,0.0
2019-12-02,0.0,0.0
2019-12-03,0.0,0.0
2019-12-04,0.0,0.0
2019-12-05,-0.0002499999998239595,-0.001
2019-12-06,0.0008589176272084596,0.0034356705112531067
2019-12-09,-0.0010736241909592157,-0.004294496766860884
2019-12-10,0.0003691233434804221,0.001476493374961379
2019-12-11,-0.001961778626125281,-0.007847114510026763
2019-12-12,-0.00017057845625209432,-0.0006823138254888367
2019-12-13,-0.0008705459803351361,-0.0034821839237925657
2019-12-16,0.0006169409578546416,0.002467763833156272
2019-12-17,0.0001640945844275813,0.0006563783381725219
2019-12-18,-0.0004741135979108894,-0.0018964543929789685
2019-12-19,-0.0009833984407684939,-0.003933593765843862
2019-12-20,0.001315798077361045,0.00526319231315032
2019-12-23,9.661433046808459e-05,0.0003864573221444669
2019-12-24,-0.0010697651603233467,-0.004279060644306538
2019-12-26,0.0008452063421327068,0.0033808253709114756
2019-12-27,-0.0006426476820396908,-0.0025705907299688755
2019-12-30,0.001533908435741297,0.006135633738716426
2019-12-31,-0.00022411097284752337,-0.0008964438905255422
2020-01-02,0.0,0.0
2020-01-03,0.0,0.0
2020-01-06,0.0,0.0
2020-01-07,0.0,0.0
2020-01-08,0.0,0.0
2020-01-09,0.0,-0.0005
2020-01-10,0.0,0.0012707371301696063
2020-01-13,0.0,-0.003046050525517848
2020-01-14,0.0,0.0013773297287586318
2020-01-15,0.0,-0.00023907484758689968
2020-01-16,0.0,-0.0018950502226828545
2020-01-17,0.0,-0.004161627297290589
2020-01-21,0.0,-0.0005827652494252503
2020-01-22,0.0,0.004629527386658221
2020-01-23,0.0,0.0006855396889283498
2020-01-24,0.0,0.004017547058825627
2020-01-27,0.0,0.0021320243025279148
2020-01-28,0.0,-0.002761120306919466
2020-01-29,0.0,0.004272354530297802
2020-01-30,0.0,0.0004348987352136395
2020-01-31,0.0,0.007149659124076651
2020-02-03,-0.0010193903416830217,0.001038780851895558
2020-02-04,0.0022510729179094904,-0.004502146331245436
2020-02-05,-0.0010400678932928078,0.002080136015488529
2020-02-06,-0.0006987734364770015,0.0013975470267432667
2020-02-07,-0.0003118127453674036,0.0006236255593599868
2020-02-10,0.0029054222190152204,-0.005810845077469092
2020-02-11,-0.0004171279720351375,0.0008342560358737127
2020-02-12,0.0015527488724389887,-0.0031054980866140726
2020-02-13,0.0014823519388539618,-0.003964704259773327
2020-02-14,-0.0012428943480684825,-0.0012989858695215159
2020-02-18,-0.0013816791625246333,-0.0006202131341154886
2020-02-19,-0.00704929604821611,-0.0042259912737484355
2020-02-20,0.0027649866317034154,0.0063330947132198305
2020-02-21,-0.0012238448919524056,0.007141131889129625
2020-02-24,0.0013916896582043166,0.007632315312510313
2020-02-25,0.005749609385771944,0.008455981940748196
2020-02-26,0.0016402942516687779,0.0055255164997038315
2020-02-27,0.0017267426144333376,-0.0034534856088961115
2020-02-28,0.005009234119963608,-0.011018469398205031
2020-03-02,-0.0041647192492225305,-0.0020391357026132875
2020-03-03,-0.002276903594506409,0.018194037058008247
2020-03-04,-0.002947864684377673,-0.004895721117866801
2020-03-05,0.005108505095083887,0.010217024745763775
2020-03-06,0.001219125621250311,0.002438237861301204
2020-03-09,0.005300497681456513,0.010601010721946184
2020-03-10,-0.014379568324254705,-0.02875916174697656
2020-03-11,0.002521776526709249,0.005043560451641248
2020-03-12,0.004490182094002766,0.008980416014132925
2020-03-13,-0.007684822076210351,-0.01536963542136121
2020-03-16,0.012959919197975766,0.025919898929642672
2020-03-17,-0.002358996293110175,-0.004718026865356068
2020-03-18,-0.007309613460825096,-0.014619221172116625
2020-03-19,0.0076481238144457345,0.015296238726773733
2020-03-20,0.009127610011134655,0.018255294655439066
2020-03-23,-0.005939433574150272,-0.011878874225680484
2020-03-24,-0.02530189558677637,-0.05060385688355404
2020-03-25,-0.00230135660899057,-0.004602740090778481
2020-03-26,0.009077595885465398,0.018155163843744396
2020-03-27,0.0035488570579530563,0.007097714236771986
2020-03-30,-0.0019650315920469864,-0.00393006325101841
2020-03-31,-0.0019382963336034638,-0.0038765927332208234
2020-04-01,0.005533277004915751,0.011066554198282135
2020-04-02,0.0019103418241450687,0.006966415728818498
2020-04-03,-0.0011793006714350134,-0.00407581139306284
2020-04-06,-0.0001566472916578151,-0.0005413927351151718
2020-04-07,0.0005055709440963073,0.0017473167478500987
2020-04-08,-0.0008297489664568737,-0.002867716751786319
2020-04-09,-0.002024760994519332,-0.00699782856873062
2020-04-13,0.0007499326123536585,0.0025918613967556414
2020-04-14,0.005542900510699558,0.019156961069675807
2020-04-15,0.0001920391503592264,0.0006637114485789344
2020-04-16,-0.0017150781577673915,-0.0059275257487265585
2020-04-17,0.00036586599906834427,0.0012644788928361517
2020-04-20,0.003639506201708477,0.012578591025472602
2020-04-21,0.0010259558068772265,0.003545832261217033
2020-04-22,-0.0030515889586153386,-0.010546675114951427
2020-04-23,-0.00010508164083233145,-0.0003631753625519371
2020-04-24,-0.004497716633426558,-0.015544674179640202
2020-04-27,-0.000548950283767961,-0.0018972411998069737
2020-04-28,9.44394194575635e-06,0.0003966708766378452
2020-04-29,-2.8643361572839015e-05,-0.0030583801347730862
2020-04-30,0.006144087248081264,0.014158437907805299
2020-05-01,-0.003039306525162994,-0.010234165776843912
2020-05-04,-0.0005671521975582662,0.004721957138747469
2020-05-05,-0.004398085590352352,0.0033168728000475154
2020-05-06,0.0035724170050748416,-0.0005202893199419138
2020-05-07,-0.004883951500766483,0.009767903503092767
2020-05-08,-0.0023118801202326004,0.0036237604659138307
2020-05-11,0.001950096287391942,0.002287788490622371
2020-05-12,0.0033042245939463176,-0.0026856270331806747
2020-05-13,0.0012095798015427806,0.004838136013699329
2020-05-14,0.000756303641586815,-9.013996066036933e-05
2020-05-15,-0.000786071108010701,-0.007603776793359077
2020-05-18,-0.005968852981550298,-0.011573027906860014
2020-05-19,0.00496015060815994,-0.006833857584809039
2020-05-20,-0.0007855413938982829,-0.0026735158822772083
2020-05-21,0.004064127510088564,0.000408160529397347
2020-05-22,0.0013904870944846585,0.011047008914420307
2020-05-26,-0.003436252196502291,0.0026391724735211515
2020-05-27,-0.0015474724254886006,-0.0016555141982431743
2020-05-28,0.0059962729479529665,0.012516396579050003
2020-05-29,-0.004706626667709748,0.008256463062931223
2020-06-01,0.0033855831780734017,-0.0002190113233502631
2020-06-02,0.003110932999079904,-0.006221866317638602
2020-06-03,-0.0011575419053760103,0.0023150837513713435
2020-06-04,0.0007148551292877666,-0.002429710248583838
2020-06-05,0.009963298491074885,-0.020043572366848922
2020-06-08,-0.00961962279628961,0.01160749740751302
2020-06-09,0.0028260440852749848,0.007731462325411128
2020-06-10,0.0031877187930213747,-0.0017544101726616563
2020-06-11,-0.004879986553111774,-0.00998559243614175
2020-06-12,-0.0010360950291812192,0.003427575566490571
2020-06-15,-0.0030060957688750837,-0.0009852561427642994
2020-06-16,0.0016930269032592788,-0.00552240554685195
2020-06-17,0.001562679377789459,0.00776604399609336
2020-06-18,0.0003679226969309727,-0.008022926658757612
2020-06-19,-0.0007214528428385535,0.007733592076605369
2020-06-22,0.0003419423835840502,-0.006137131743764659
2020-06-23,0.004698070617280414,-0.01022941359872184
2020-06-24,-0.000493100027907896,0.007814348591363174
2020-06-25,-0.0037843219103177303,-0.003673661287355425
2020-06-26,0.0011440993305163775,-0.007898708672088223
2020-06-29,0.001191506969252334,0.007397721167268619
2020-06-30,0.001846952137084541,-0.005104741047305888
2020-07-01,0.0,-5e-05
2020-07-02,0.0,-0.000846548128670132
2020-07-06,0.0,7.523721134332866e-05
2020-07-07,0.0,-0.0004858281637560986
2020-07-08,0.0,0.0006340963450395051
2020-07-09,0.0,-0.0005030538090448859
2020-07-10,0.0,-0.0005545549132972474
2020-07-13,0.0,6.784862197321832e-05
2020-07-14,0.0,-0.00021183548252331973
2020-07-15,0.0,0.0002820781109056703
2020-07-16,0.0,-0.0003053390537717238
2020-07-17,0.0,0.0006154044246308542
2020-07-20,0.0,0.0018772515560371427
2020-07-21,0.0,0.0040873954877596414
2020-07-22,0.0,-0.0020751166071919145
2020-07-23,0.0,0.0008794482885119682
2020-07-24,0.0,0.0015113134685999525
2020-07-27,0.0,9.833243873470909e-05
2020-07-28,0.0,-0.0026592380388383123
2020-07-29,0.0,0.0001394216868380631
2020-07-30,0.0,0.001334412773253587
2020-07-31,0.003200945904939444,0.0010889361992702162
2020-08-03,-0.0022873007108164204,-0.0015426942629540993
2020-08-04,0.005034238895866749,-6.323805017729818e-05
2020-08-05,-0.006824497245786659,-0.0038490188063764782
2020-08-06,-0.002629810229057261,0.001062641988763446
2020-08-07,-0.0010043147839842684,-0.0040208254837149045
2020-08-10,0.00012565336574234828,-0.0007824009879245841
2020-08-11,0.010176756543797467,0.002832237989716395
2020-08-12,0.00042116810539951423,0.0004985917960858027
2020-08-13,-0.003610274108907157,-0.001044829871483915
2020-08-14,0.0012541455858498109,-0.0006374560946588391
2020-08-17,0.0034408135738265813,5.7474000045523114e-05
2020-08-18,0.004810925530947045,-0.00021118346265461128
2020-08-19,0.0001673937796292505,5.0415714919227846e-05
2020-08-20,-0.0033704138227712644,-0.0008921500161000424
2020-08-21,-0.0023695751547348513,-0.00021969743701093786
2020-08-24,-0.0028875331205107306,-0.0018089993963137452
2020-08-25,0.002841141803824378,0.0011209155060932683
2020-08-26,0.0020628829844587847,-0.00100577550197295
2020-08-27,-0.002589562851604215,0.0005320558242255269
2020-08-28,0.0031560802804951977,-0.0008599824473011936
2020-08-31,-0.003747305234154205,0.0002056310197885312
2020-09-01,0.005771613402351513,-0.004059820860922076
2020-09-02,-0.00038407091048749933,-0.0029996174223192035
2020-09-03,-0.0110358280175132,0.003193775028332497
2020-09-04,-0.002744554575039787,-0.002070488622120998
2020-09-08,-0.010996710840080083,-0.0021505033824250285
2020-09-09,0.012846827406714853,-0.001660647201826419
2020-09-10,0.0010904093677726828,-0.007125754802275633
2020-09-11,0.006133699808926151,-0.00046392700156576124
2020-09-14,-0.0061279196147723345,-0.001604842209744756
2020-09-15,-0.0013759603008418567,0.0014993091031071397
2020-09-16,-0.004653047337884548,0.006063565388830357
2020-09-17,0.011074026127550632,-0.0019839110152551228
2020-09-18,-0.00010406003441468791,0.0022439101681922765
2020-09-21,-0.015732997831809276,-0.0009087792542228127
2020-09-22,0.008996393098794951,-0.0031607977468097203
2020-09-23,0.004494584968737345,-0.0012456356584722083
2020-09-24,0.0008830867107509111,-0.0013907163807240768
2020-09-25,-0.005637096304442048,-0.007260043347285973
2020-09-28,-9.022162674460785e-05,0.001957091962536367
2020-09-29,-0.003892088376548154,-0.004262519048104678
2020-09-30,0.007367833411246683,-0.002600086964073602
2020-10-01,0.0061165406066960954,-0.006569207442579249
2020-10-02,0.003926908957649262,-0.0016950590429064987
2020-10-05,0.0021174555366616685,0.0006913406909385282
2020-10-06,0.002158409392501453,-0.0012412335307160367
2020-10-07,0.011078254296659575,-0.004594494629566153
2020-10-08,-0.004237831507273789,0.0049661564530945395
2020-10-09,0.009515639364167121,-0.003929862261525723
2020-10-12,-0.0037915687149825865,-0.001206488318769677
2020-10-13,0.004620639109977973,-0.0014579323701209986
2020-10-14,0.000442026350260423,0.0010416192529410946
2020-10-15,0.001002289311935307,0.0002985535951349617
2020-10-16,0.005724383362359714,-0.005644006024268478
2020-10-19,0.0005732603487478144,0.0026639767158288113
2020-10-20,-0.01091653159111957,0.005355719278676615
2020-10-21,0.00780944033811691,-0.0032560523994758467
2020-10-22,-0.014953560744337818,0.0035267951132205394
2020-10-23,0.0018845915388352814,-0.001854947158060792
2020-10-26,-0.0010599787508476302,-0.00038045914287234295
2020-10-27,0.009630798202512433,-0.0009494795636093141
2020-10-28,0.00047627828448742603,-0.0008366791648684352
2020-10-29,0.0058832024104747225,-0.0001514673062303484
2020-10-30,-0.018904469230312276,0.003890886422508337
2020-11-02,-0.008462910953492837,0.002739092691423958
2020-11-03,-0.011111163100161003,-0.0010232226658045266
2020-11-04,-0.0007377731203234941,0.004849542690033559
2020-11-05,0.0026687049743254875,-0.0009453832164958834
2020-11-06,0.005363218085410721,-0.0032993738222420813
2020-11-09,-0.07258187203052148,0.019089768812558704
2020-11-10,0.023524074147019014,-0.005954266214708365
2020-11-11,0.007090080849531407,-0.0015981636704978975
2020-11-12,0.0036419934641428423,0.0008538300350927589
2020-11-13,0.003531716728972468,0.00019707058179102305
2020-11-16,-0.018742066891474302,0.006489874322209557
2020-11-17,0.008987390630733231,0.0005085744775172218
2020-11-18,0.007347010461531494,-0.0008115054929431763
2020-11-19,-0.0025141455051914583,0.0004010892876938068
2020-11-20,0.0007823598355167689,0.0006533551892057869
2020-11-23,-0.01861159151738699,0.007934138155405963
2020-11-24,0.007268140632483159,-0.0017309915170655638
2020-11-25,0.002484179818805821,-0.0025888814629974064
2020-11-27,0.011356963942689702,-0.004498079988873557
2020-11-30,0.011747088474510486,-0.0047756686329450855
2020-12-01,-0.008698587705096976,0.00010525353417626914
2020-12-02,-0.011892680419064869,0.003240809636163871
2020-12-03,-0.0011362967702873866,1.4207364436896655e-05
2020-12-04,-0.016587119042544205,0.006118676936864405
2020-12-07,0.013588608818937881,-0.0013334609368585925
2020-12-08,-0.006646555329513632,0.00523941380951658
2020-12-09,0.0035329961472005183,0.00014011938869027391
2020-12-10,-0.004044290738841477,0.0021548002226574846
2020-12-11,0.007864658658074156,-0.0003721617955721221
2020-12-14,0.01790854020242253,-0.006072691818345616
2020-12-15,0.0015607472448174447,0.00017733880215405886
2020-12-16,0.0006273242080934974,-0.0016818167810552559
2020-12-17,0.01112164659823985,-0.0034151276531027216
2020-12-18,0.0044019533340616404,-0.0037149693463906955
2020-12-21,0.006125844066938343,-0.005483547678808246
2020-12-22,0.0006117818721644125,-0.0021627324069742886
2020-12-23,-0.011254887923775238,0.004726669579026104
2020-12-24,0.002539949802037178,-0.0007263270509656827
2020-12-28,-0.00011428951992442537,0.0007106164574338714
2020-12-29,0.001079877579806042,5.428164099562289e-05
2020-12-30,-0.0015586930092078778,0.0022537142543279432
2020-12-31,-0.00715979737742559,-0.0012710263084301768
2021-01-04,0.0,0.0
2021-01-05,0.0,0.0
2021-01-06,0.0,-5.263157894736842e-05
2021-01-07,0.0,-0.00014187832408621401
2021-01-08,0.0,0.0006743801250321217
2021-01-11,0.0,-0.0006057469195691505
2021-01-12,0.0,-0.0011068073922880792
2021-01-13,0.0,0.0012045141128467207
2021-01-14,0.0,-0.0008282595917048598
2021-01-15,0.0,0.0019465205653264857
2021-01-19,0.0,0.00065684211462561
2021-01-20,0.0,0.004129480806318661
2021-01-21,0.0,0.0034140232793769417
2021-01-22,0.0,-0.0007493075659054497
2021-01-25,0.0,0.0006688502585147833
2021-01-26,0.0,-0.0004897935664673487
2021-01-27,0.0,-0.003895588007310912
2021-01-28,0.0,0.00617506539149936
2021-01-29,0.0,-0.0024140902784016986
2021-02-01,0.0,-0.0008952473892263972
2021-02-02,0.0,0.004971073703275505
2021-02-03,-0.0005000000387982304,-0.0017105195369125734
2021-02-04,-2.1549452996689672e-11,0.000574951501764242
2021-02-05,1.4153045886331253e-10,0.004602513034013754
2021-02-08,-9.405735583662735e-13,-0.001831188265569124
2021-02-09,-2.0186060647058678e-11,-0.003073564745800766
2021-02-10,3.983889524143263e-12,-0.0009162776977678373
2021-02-11,8.01882331793308e-13,0.0010872714319609545
2021-02-12,-1.3824619335208295e-11,-0.0009223119736068895
2021-02-16,8.727070364642288e-12,-0.00275264344142047
2021-02-17,-3.882294351244952e-05,-0.0005527506870318618
2021-02-18,0.0001544257138647519,0.0011929205441861168
2021-02-19,-0.0006149092869161155,-0.0051610150216868005
2021-02-22,0.00028276029475899934,-0.0003367040146913889
2021-02-23,0.0005066937602239903,-0.0007550813144910905
2021-02-24,-0.0002613802400718493,-0.003644643861638259
2021-02-25,-2.6924393800138256e-05,0.00036616153877674023
2021-02-26,3.3848764030222354e-05,0.005009382710547052
2021-03-01,-0.0003799767576588157,-0.004311713257036773
2021-03-02,0.00033438481920913376,0.00381103149147233
2021-03-03,-6.582830820508266e-05,-0.0035780703182182786
2021-03-04,-0.00012822139999772185,0.0008315427947455656
2021-03-05,-0.0009129711202055682,0.00243331097894597
2021-03-08,0.0031716860781534403,0.0030939801125913946
2021-03-09,-0.0006030260044733952,0.007340192635281379
2021-03-10,0.003374103437228002,-0.003398368931355447
2021-03-11,-0.0011183277927499233,0.0008426102815243042
2021-03-12,0.0006335242750515897,-0.0018974523703046268
2021-03-15,0.00022060863862389746,0.0016280814384050317
2021-03-16,-0.0010493608704475312,0.003499912890269103
2021-03-17,0.003542294300120731,-0.0015923800148662803
2021-03-18,0.0015428604090998806,-0.0005953489396820436
2021-03-19,-0.0019503713189429756,0.002285578284467194
2021-03-22,-0.004306499738385696,0.002654370247269627
2021-03-23,-0.010548754583323142,-0.0018740575172144034
2021-03-24,-0.0012609421907625116,-0.002306756453720557
2021-03-25,0.004848977315047519,-0.0010419037955106225
2021-03-26,-0.004867704161961924,-0.00045117879247966994
2021-03-29,-0.0007834112012093219,0.00015408946247050617
2021-03-30,0.005738633135100708,5.600231828518922e-05
2021-03-31,-0.0012463364559467181,0.00035208020360959804
2021-04-01,-0.01185493933039429,-0.0074400440288276085
2021-04-05,0.00859969566504362,0.003133566329882235
2021-04-06,4.438725653058747e-05,0.0008722424779397982
2021-04-07,-0.002588162318087633,0.0009108704972913972
2021-04-08,0.0016195670488775523,0.0038290138682194066
2021-04-09,0.00018288182263119217,-0.0005416636914689969
2021-04-12,-0.0007852774089865198,0.00061598829888749
2021-04-13,-0.0037125904176100837,0.00014574197232072959
2021-04-14,-0.0002729985976710695,-0.003173246574948816
2021-04-15,-0.003937883420732507,0.001317258251938678
2021-04-16,0.0013293741089762286,0.0016189534342550677
2021-04-19,-0.001538313335421698,-0.0019909026509107803
2021-04-20,-0.002997323229492856,0.0013474385810712092
2021-04-21,0.005058947211521113,0.0018931201799600149
2021-04-22,-0.0037849234379998403,0.001038949983148848
2021-04-23,-0.002345218530649819,-0.003289107309192305
2021-04-26,0.0018068823346691844,0.0017243497725795795
2021-04-27,0.0006612100171219816,-0.00024031895559476683
2021-04-28,-0.004796893479545103,-0.0005541758784079709
2021-04-29,-0.00036544754982014376,0.002456852580693523
2021-04-30,-0.0009089617645193002,-9.715325304641536e-05
2021-05-03,0.003928994852526584,0.00011176687137900557
2021-05-04,-0.0012019111161674122,-0.002879304979297002
2021-05-05,0.004263505902038396,-0.004225407595036329
2021-05-06,0.0019220957833110009,-0.004807668575209611
2021-05-07,-0.002503570274421012,0.003972113086757177
2021-05-10,-0.002712539570905951,-0.002157755963509103
2021-05-11,0.0021804841178516355,0.0015807769258659894
2021-05-12,0.007869255660146183,0.0009292455048118003
2021-05-13,0.00020465870101155445,-0.0007765153210925787
2021-05-14,0.0008629464834365894,0.0022841726267877976
2021-05-17,-0.0034551580631196357,-0.0019505295140408998
2021-05-18,-0.00028332223140901903,0.0020804243233983814
2021-05-19,-0.0007303686811593052,0.0008512168494910817
2021-05-20,-0.0009523030141705094,-0.00016478603637570946
2021-05-21,0.0012375995683950396,-0.00020807376147159013
2021-05-24,-0.0002570858335666704,-0.0004272882645714359
2021-05-25,-0.0030736505024869525,0.0013592595232263683
2021-05-26,0.0021996347348130028,0.0015685963781863384
2021-05-27,0.0014350992312422025,0.0010634352687587951
2021-05-28,-0.0028955697263948073,-0.001201499332680928
2021-06-01,-0.0085824170999828,-0.005300167881045928
2021-06-02,-0.001389706274219721,-0.0008136147863553242
2021-06-03,-0.0026293422532862056,-0.0034654853951440715
2021-06-04,-0.0005450679371009052,0.00010371446009232384
2021-06-07,-0.005583841264224817,0.0022554778930648054
2021-06-08,-0.00012701971237005896,-0.0010014994054879955
2021-06-09,-0.0022890276249073233,0.00167002892923532
2021-06-10,-0.002808510653048418,-0.0006600533619587018
2021-06-11,0.00011134016191331487,0.0006658369112131832
2021-06-14,0.0013773089596102032,0.0004158185307154772
2021-06-15,0.0016463656643374766,-0.0005795955696978439
2021-06-16,-0.00013992196949762171,-0.0006343165980638927
2021-06-17,-0.007778550590466173,0.0026966059512798144
2021-06-18,-0.003722925689311862,0.0011922837919662991
2021-06-21,0.0021411682100134165,-0.0033153680512328573
2021-06-22,0.002523591817137896,0.0001753317744293596
2021-06-23,0.0035716197779123078,-0.0015147765312036193
2021-06-24,0.007861169731668432,-5.8091596572953564e-05
2021-06-25,-0.0010782443208162576,-0.00029327511933371697
2021-06-28,-0.00048813488449806505,0.0017438571574113291
2021-06-29,-0.0010621722423181823,-0.002011556148032141
2021-06-30,0.003617336034039645,0.0021788024811700613
2021-07-01,0.0,0.0
2021-07-02,0.0,-5e-05
2021-07-06,0.0,0.00011821035352948496
2021-07-07,0.0,0.0006541832774611496
2021-07-08,0.0,0.00019072423971264524
2021-07-09,0.0,0.0006288478980636808
2021-07-12,0.0,-0.0013812169826681155
2021-07-13,0.0,-0.0012381590039568053
2021-07-14,0.0,-0.0006672966618885968
2021-07-15,0.0,-0.0007820063806763433
2021-07-16,0.0,-0.0006538438834745894
2021-07-19,0.0,0.000928296544290746
2021-07-20,0.0,-0.000578072603213455
2021-07-21,0.0,0.0005718181715153918
2021-07-22,0.0,-0.0022325397520895005
2021-07-23,0.0,0.00036410271229852224
2021-07-26,0.0,0.0008716459766157077
2021-07-27,0.0,0.0023295597657717734
2021-07-28,0.0,0.0010507286265183055
2021-07-29,0.0,-0.0003940970058793467
2021-07-30,0.0,-0.0004615301940347504
2021-08-02,-0.002958809535884697,0.001208694546875663
2021-08-03,0.0038815705836955303,7.778321685545172e-05
2021-08-04,-0.0013651231076690805,-0.0040632636581511205
2021-08-05,0.0003159700352866993,-0.0008247066820605119
2021-08-06,0.0008084819869517311,0.0030770180160473374
2021-08-09,0.00012733323189190017,-0.0006536144796882543
2021-08-10,0.0021962019703150306,0.0007935436756853012
2021-08-11,-0.0004749430319504484,0.0033999092510448056
2021-08-12,0.0007725866294680786,-5.0896701298710356e-05
2021-08-13,0.0012700232973464729,0.0005322178152892099
2021-08-16,0.0008930286452641571,0.00019676608585289632
2021-08-17,0.0006719698583754481,0.001735533432137215
2021-08-18,-0.0003501771283605573,-0.0010999840425439888
2021-08-19,-0.0010090436131459015,-0.0026351991854572606
2021-08-20,-0.0024983726246747334,-0.0034754258130014013
2021-08-23,0.0014733930769281949,-0.00017639676419649376
2021-08-24,0.0003700829988908727,0.0005669702322206011
2021-08-25,-0.0006313822385740214,-0.00021601506439994074
2021-08-26,0.001106318025858356,0.00012013674863639492
2021-08-27,-0.0006950440736655011,-0.000967935817062249
2021-08-30,0.0006293890026287324,-0.001857093113293611
2021-08-31,-0.006529135068142752,0.0018102203910045302
2021-09-01,-0.001873408205486877,0.0008099323604736117
2021-09-02,0.0026440930730226913,0.000732165244324646
2021-09-03,0.0033967429703836405,-0.0006166263756372779
2021-09-07,0.0014574779550212166,0.0008711521261916864
2021-09-08,0.0011916052953418717,-7.814527336765499e-05
2021-09-09,0.0027077064614299874,-0.0005546616311242252
2021-09-10,-7.981750137392736e-05,-0.0013993583227190605
2021-09-13,-0.00888784816556242,0.0024823972011180345
2021-09-14,-0.00023781770427979378,-0.001799259755290196
2021-09-15,0.003210214130585708,0.0009066573291373408
2021-09-16,-0.0008466651090417624,0.001481386429191873
2021-09-17,2.657918517979894e-05,0.0009216171203449141
2021-09-20,-0.005525826901075194,0.003276806000592259
2021-09-21,0.0002873172326834015,-0.0006194654221290593
2021-09-22,0.0011139299442129713,-0.0007349845341249953
2021-09-23,0.004838875692240293,-0.0014638830089157848
2021-09-24,-0.0031510487342688775,0.0002530564063651239
2021-09-27,-0.003818204900449639,0.0005711705916563982
2021-09-28,0.0007274194664647996,0.000612857684252378
2021-09-29,-0.001898632849736021,-0.0010177384936297747
2021-09-30,-0.0033030019881575383,0.00044208981389441215
2021-10-01,0.0008573512378480122,-0.002934451564905389
2021-10-04,-0.0020142767751552514,-0.0014117237835855477
2021-10-05,0.006552547254488976,-0.0025906463203178506
2021-10-06,-0.0019430343225588353,-0.00029315195987100274
2021-10-07,0.014636769283132468,-0.0004065795245475304
2021-10-08,0.007001050530534762,-0.0031550730416925426
2021-10-11,-0.00031859540533721016,0.001129934604410993
2021-10-12,-0.0019305919158776484,-0.0029977083253652265
2021-10-13,-0.0013805292494178756,0.0015043063466369446
2021-10-14,-0.0037769181662391468,0.002728637926741683
2021-10-15,0.009856804620117865,0.00021154970573685568
2021-10-18,0.001468134133819247,1.238692912416614e-05
2021-10-19,-0.001138710032632032,0.0006377240368861634
2021-10-20,-0.0028027617946941035,-0.0007645890640743071
2021-10-21,-0.0027102856918309755,-0.0005095277084217994
2021-10-22,-0.005406730940684582,-0.0032533064325976895
2021-10-25,0.0024731418368251264,-0.0002525014089384683
2021-10-26,-0.0019847936779596427,0.00020570948426786584
2021-10-27,-0.0024090044602339054,0.0019866910618830877
2021-10-28,0.001738151843914267,0.0012222869231806265
2021-10-29,0.013467568551868734,-0.0033181569997648703
2021-11-01,-0.0056247001826485775,0.0023006797877564104
2021-11-02,0.014710666578767228,-0.005493489193072094
2021-11-03,-0.003229430410549749,-0.000584239287483909
2021-11-04,-0.0011224457237881662,0.0018107457906181347
2021-11-05,-0.008601265758400353,0.003831164149844365
2021-11-08,-0.00037002600927494585,0.00044422173969879106
2021-11-09,-0.0039242685717844625,0.0019784124054483382
2021-11-10,-0.00031342331769043994,-0.000593708172329682
2021-11-11,0.003328428244928975,0.0019888031273980595
2021-11-12,-0.0006781982584517182,0.0017045972696073984
2021-11-15,-0.0026220052744789927,-0.0023380684011297163
2021-11-16,0.00043396001564200126,-0.001062868374032159
2021-11-17,-0.0015230838521262044,-0.0008513281209898595
2021-11-18,0.006001671280766492,-0.001005002508260537
2021-11-19,-0.007461236310964516,0.0016941780744000904
2021-11-22,-0.006310486296226641,0.0011541510662261443
2021-11-23,0.0026898760327855285,-0.001105411042334726
2021-11-24,0.005952240750154544,-0.0015926864624510916
2021-11-26,0.005236775201415119,0.0016394100973520867
2021-11-29,-0.006876926834504266,0.00031679691725812356
2021-11-30,0.001545877660732654,0.0012746547639592002
2021-12-01,0.006831770219368731,0.00040235331387888863
2021-12-02,-0.003941437788206259,0.00226137065427699
2021-12-03,-0.007050703209184222,0.004223894782861155
2021-12-06,-0.0007600085665621576,-8.504224311893512e-05
2021-12-07,-0.005188999120794911,9.5881009270451e-05
2021-12-08,-0.002430468191090913,0.0014403659705726928
2021-12-09,-0.0008041379891326207,0.00033558464764852394
2021-12-10,-0.0013310848869017035,-0.0002598141255644659
2021-12-13,-0.003337249001714886,0.001641880902841681
2021-12-14,0.0006679801424223009,0.001102184724468774
2021-12-15,-0.0009031922619421245,-0.0016629651328017845
2021-12-16,-0.0006050982780416604,0.0010059628363356676
2021-12-17,-0.0063553931177343405,0.0029634695676792537
2021-12-20,-0.00446410080642849,0.0010291970572148237
2021-12-21,-0.004108905571891912,-0.00025454037068028463
2021-12-22,0.00039078864642568364,-0.0010778896551422146
2021-12-23,-0.001909588916353692,0.00031913704803853424
2021-12-27,0.0002582195441056532,-0.0007915324526179206
2021-12-28,-0.0020277016256649363,0.001739508787215461
2021-12-29,-0.00011208614147921524,1.6894851363323245e-05
2021-12-30,-0.0012720558811551092,0.0008894715727204398
2021-12-31,-0.0027130017942425958,0.0006057586174215174
2022-01-03,0.0,0.0
2022-01-04,0.0,0.0
2022-01-05,0.0,-0.0004
2022-01-06,0.0,0.000723091435573249
2022-01-07,0.0,6.125326529636761e-06
2022-01-10,0.0,1.2713089273785548e-06
2022-01-11,0.0,0.007942756405485264
2022-01-12,0.0,0.0006204133624978336
2022-01-13,0.0,0.0005331310616082784
2022-01-14,0.0,-0.0037698281207863473
2022-01-18,0.0,-0.006042820320973507
2022-01-19,0.0,-0.0023472495135664533
2022-01-20,0.0,0.002122730669806602
2022-01-21,0.0,-0.004438462120217158
2022-01-24,0.0,0.005907420003693069
2022-01-25,0.0,-0.0037649431208197984
2022-01-26,0.0,-0.001131694130313439
2022-01-27,0.0,-0.0008010868502824367
2022-01-28,0.0,-0.004426895958409315
2022-01-31,0.0,0.00844006693585057
2022-02-01,0.0,0.0037546267183172694
2022-02-02,0.002929662663187795,-0.0035038981350016397
2022-02-03,0.0008709620470680818,-0.004627005224837305
2022-02-04,-0.005265917942664909,6.588365122004552e-05
2022-02-07,0.0005890596028036171,-0.0017734164924132212
2022-02-08,0.003533313166397454,0.0024067187154794435
2022-02-09,-0.002617944703230349,0.008546829738826782
2022-02-10,-0.007213882479505264,-0.00342324734138649
2022-02-11,-0.004787655791465349,-0.005302775712457546
2022-02-14,0.002008856756010842,-0.00461908012819642
2022-02-15,0.0010788855706574637,0.003642636027151274
2022-02-16,-0.000725311764680428,0.002915059130068125
2022-02-17,-0.001557739527748729,-0.009309403274322904
2022-02-18,0.001454480403196156,-0.0039727778679211415
2022-02-22,-0.0038094935962877615,-0.010571928499885953
2022-02-23,-0.002778401352723623,-0.0035521524478308603
2022-02-24,0.003149185827794039,0.0122922746647054
2022-02-25,0.002856942826639636,-0.0009549270546911217
2022-02-28,0.009339142096994322,0.0034076848128653404
2022-03-01,0.01121522608055085,-0.0018835931721543284
2022-03-02,-0.0027825416382390666,-0.0004744466060487115
2022-03-03,-0.002024951316116139,-0.008181660983095923
2022-03-04,0.008523440662521344,-0.006678178505970744
2022-03-07,-0.002338965148172318,-0.007160249507675143
2022-03-08,-0.014901112490863845,0.021920994191843086
2022-03-09,0.001594965957109673,0.008107728794904078
2022-03-10,-0.0036133518413998234,0.004175975487911082
2022-03-11,0.0015127894607813866,-0.004664247965369094
2022-03-14,-0.0024803831896315865,-0.007723739901650391
2022-03-15,0.004347027218243197,0.0023497164395802866
2022-03-16,-0.009857369713663126,0.008182835009556534
2022-03-17,0.0001629163334647564,0.0013789568621280588
2022-03-18,0.0014188225840746612,0.0035870946371858907
2022-03-21,-0.0029975623581994714,-0.008402107480143205
2022-03-22,-0.001194265928724768,0.00019188115678811567
2022-03-23,-0.0026923580885532777,-0.004554467449339893
2022-03-24,-0.0026246345302777517,-0.0002528755882316533
2022-03-25,-0.00500301135753067,-0.0029523852609014173
2022-03-28,-0.0017604393402016606,0.0004614799599159336
2022-03-29,-0.005539351312523135,0.008230635569688958
2022-03-30,-0.001047617777069343,-0.001742137967639723
2022-03-31,-0.005613706944526793,-0.006600058835284486
2022-04-01,-0.0016277710770660632,-5.541803634314348e-05
2022-04-04,-0.0020015184893844512,0.00136076442331939
2022-04-05,0.007611965710742823,-0.006395677645452465
2022-04-06,0.013843277261280039,-0.01140102889630707
2022-04-07,0.005878816373808596,-0.0048502654584804145
2022-04-08,0.002660748819176774,-0.0021532260085462907
2022-04-11,0.000224657222012909,-0.0001839365070155143
2022-04-12,0.004020800661308905,-0.0032444110709613
2022-04-13,-0.0028207277151760927,0.0023299124852721427
2022-04-14,0.008251982159983573,-0.006794404108679238
2022-04-18,-0.00023869584304459928,0.00024979042188507766
2022-04-19,-0.0013025705176338063,0.0011457727871677051
2022-04-20,0.004448149771218838,-0.0036597269472809627
2022-04-21,0.005457075479094546,-0.004575294094952012
2022-04-22,0.0025467316099038904,-0.002173721152424436
2022-04-25,-0.0015626508290358518,0.0012618855206435018
2022-04-26,0.007838901538563443,-0.005810155300666442
2022-04-27,0.0041742883392715075,-0.004923713727739157
2022-04-28,-0.0028318408153918543,0.001320580129919094
2022-04-29,0.003758737190602772,-0.002931283410102583
2022-05-02,-0.011893080502004168,0.011277144060605716
2022-05-03,-0.004093281587329306,0.004435247120827822
2022-05-04,-0.011683994335535203,0.0060616587247592415
2022-05-05,0.01252201015446203,-0.011156800151683036
2022-05-06,0.00963417887776821,-0.007950549053226211
2022-05-09,0.01052487815275668,-0.009783169483021438
2022-05-10,-0.00949604677952179,0.010001517806766301
2022-05-11,0.008101740284578302,-0.006095185826185984
2022-05-12,-0.0063741110755184205,0.004305396577552733
2022-05-13,-0.0024011577776150636,9.287678727619448e-05
2022-05-16,0.002463316106741279,-0.005134923366082404
2022-05-17,-0.012884793061852265,0.013437389689285921
2022-05-18,-0.02022813206849845,0.02688756529883532
2022-05-19,-0.005824737389448045,0.00755145453167522
2022-05-20,-0.00841758916952447,0.006325262833420619
2022-05-23,0.0019125407387490573,-0.002238784650360787
2022-05-24,0.012107860304369155,-0.010478146095880941
2022-05-25,-0.004128070966555513,0.0031594899329581076
2022-05-26,-0.019144496586240612,0.015280109289909367
2022-05-27,-0.0016860103435702972,0.0009335743202231888
2022-05-31,0.002046899818918527,0.0005924348382911438
2022-06-01,-0.0035622030627292275,0.0027409743920843656
2022-06-02,-0.00570753665572649,0.002548183850429854
2022-06-03,4.2124168958790906e-05,-0.001604771605589895
2022-06-06,0.0005897911062850861,-0.0008157608414401358
2022-06-07,-0.005734298071984605,-0.005735407170269122
2022-06-08,0.0024163761546810345,-0.003740125295445547
2022-06-09,0.000816549245920821,0.0003494466828789912
2022-06-10,0.0017989820772796826,-0.012090779654987857
2022-06-13,0.0025421828506922996,-0.01436059563369882
2022-06-14,-0.0023182841020720486,0.007811155653058325
2022-06-15,-0.003468964339984418,-0.002839251087465468
2022-06-16,0.0011596382655712483,-0.013920380909049512
2022-06-17,0.00016072149717104626,-0.00018316955983479455
2022-06-21,-0.0019292594445385475,-0.00046294598197595165
2022-06-22,0.0012675510337646686,0.0025866667057024787
2022-06-23,0.003499424414277084,0.0008862232611617252
2022-06-24,-0.0054100699175849976,0.002045126683318771
2022-06-27,0.0033988799022020965,0.000487231420332853
2022-06-28,-0.00026991712920107583,6.075233744107667e-05
2022-06-29,0.0009060536485877525,-0.00811652824091682
2022-06-30,0.003181846216260117,0.0002671468599262126
2022-07-01,0.0,0.0
2022-07-05,0.0,0.0
2022-07-06,0.0,0.0
2022-07-07,0.0,0.0
2022-07-08,0.0,0.0
2022-07-11,0.0,0.0
2022-07-12,0.0,0.0
2022-07-13,0.0,0.0
2022-07-14,0.0,0.0
2022-07-15,0.0,0.0
2022-07-18,0.0,0.0
2022-07-19,0.0,0.0
2022-07-20,0.0,0.0
2022-07-21,0.0,0.0
2022-07-22,0.0,0.0
2022-07-25,0.0,0.0
2022-07-26,0.0,0.0
2022-07-27,0.0,0.0
2022-07-28,0.0,0.0
2022-07-29,0.0,0.0
2022-08-01,0.0,0.0
2022-08-02,0.0,0.0
2022-08-03,0.0,0.0
2022-08-04,0.0,0.0
2022-08-05,0.0,0.0
2022-08-08,0.0,0.0
2022-08-09,0.0,0.0
2022-08-10,0.0,0.0
2022-08-11,0.0,0.0
2022-08-12,0.0,0.0
2022-08-15,0.0,0.0
2022-08-16,0.0,0.0
2022-08-17,0.0,0.0
2022-08-18,0.0,0.0
2022-08-19,0.0,0.0
2022-08-22,0.0,0.0
2022-08-23,0.0,0.0
2022-08-24,0.0,0.0
2022-08-25,0.0,0.0
2022-08-26,0.0,0.0
2022-08-29,0.0,0.0
2022-08-30,0.0,0.0
2022-08-31,0.0,0.0
2022-09-01,0.0,0.0
2022-09-02,0.0,0.0
2022-09-06,0.0,0.0
2022-09-07,0.0,0.0
2022-09-08,0.0,0.0
2022-09-09,0.0,0.0
2022-09-12,0.0,0.0
2022-09-13,0.0,0.0
2022-09-14,0.0,0.0
2022-09-15,0.0,0.0
2022-09-16,0.0,0.0
2022-09-19,0.0,0.0
2022-09-20,0.0,0.0
2022-09-21,0.0,0.0
2022-09-22,0.0,0.0
2022-09-23,0.0,0.0
2022-09-26,0.0,0.0
2022-09-27,0.0,0.0
2022-09-28,0.0,0.0
2022-09-29,0.0,0.0
2022-09-30,0.0,0.0
2022-10-03,0.0,0.0
2022-10-04,0.0,0.0
2022-10-05,0.0,0.0
2022-10-06,0.0,0.0
2022-10-07,0.0,0.0
2022-10-10,0.0,0.0
2022-10-11,0.0,0.0
2022-10-12,0.0,0.0
2022-10-13,0.0,0.0
2022-10-14,0.0,0.0
2022-10-17,0.0,0.0
2022-10-18,0.0,0.0
2022-10-19,0.0,0.0
2022-10-20,0.0,0.0
2022-10-21,0.0,0.0
2022-10-24,0.0,0.0
2022-10-25,0.0,0.0
2022-10-26,0.0,0.0
2022-10-27,0.0,0.0
2022-10-28,0.0,0.0
2022-10-31,0.0,0.0
2022-11-01,0.0,0.0
2022-11-02,0.0,0.0
2022-11-03,0.0,0.0
2022-11-04,0.0,0.0
2022-11-07,0.0,0.0
2022-11-08,0.0,0.0
2022-11-09,0.0,0.0
2022-11-10,0.0,0.0
2022-11-11,0.0,0.0
2022-11-14,0.0,0.0
2022-11-15,0.0,0.0
2022-11-16,0.0,0.0
2022-11-17,0.0,0.0
2022-11-18,0.0,0.0
2022-11-21,0.0,0.0
2022-11-22,0.0,0.0
2022-11-23,0.0,0.0
2022-11-25,0.0,0.0
2022-11-28,0.0,0.0
2022-11-29,0.0,0.0
2022-11-30,0.0,0.0
2022-12-01,0.0,0.0
2022-12-02,0.0,0.0
2022-12-05,0.0,0.0
2022-12-06,0.0,0.0
2022-12-07,0.0,0.0
2022-12-08,0.0,0.0
2022-12-09,0.0,0.0
2022-12-12,0.0,0.0
2022-12-13,0.0,0.0
2022-12-14,0.0,0.0
2022-12-15,0.0,0.0
2022-12-16,0.0,0.0
2022-12-19,0.0,0.0
2022-12-20,0.0,0.0
2022-12-21,0.0,0.0
2022-12-22,0.0,0.0
2022-12-23,0.0,0.0
2022-12-27,0.0,0.0
2022-12-28,0.0,0.0
2022-12-29,0.0,0.0
2022-12-30,0.0,0.0
2023-01-03,0.0,0.0
2023-01-04,0.0,0.0
2023-01-05,0.0,0.0
2023-01-06,0.0,0.0
2023-01-09,0.0,0.0
2023-01-10,0.0,0.0
2023-01-11,0.0,0.0
2023-01-12,0.0,0.0
2023-01-13,0.0,0.0
2023-01-17,0.0,0.0
2023-01-18,0.0,0.0
2023-01-19,0.0,0.0
2023-01-20,0.0,0.0
2023-01-23,0.0,0.0
2023-01-24,0.0,0.0
2023-01-25,0.0,0.0
2023-01-26,0.0,0.0
2023-01-27,0.0,0.0
2023-01-30,0.0,0.0
2023-01-31,0.0,0.0
2023-02-01,0.0,0.0
2023-02-02,0.0,0.0
2023-02-03,0.0,0.0
2023-02-06,0.0,0.0
2023-02-07,0.0,0.0
2023-02-08,0.0,0.0
2023-02-09,0.0,0.0
2023-02-10,0.0,0.0
2023-02-13,0.0,0.0
2023-02-14,0.0,0.0
2023-02-15,0.0,0.0
2023-02-16,0.0,0.0
2023-02-17,0.0,0.0
2023-02-21,0.0,0.0
2023-02-22,0.0,0.0
2023-02-23,0.0,0.0
2023-02-24,0.0,0.0
2023-02-27,0.0,0.0
2023-02-28,0.0,0.0
2023-03-01,0.0,0.0
2023-03-02,0.0,0.0
2023-03-03,0.0,0.0
2023-03-06,0.0,0.0
2023-03-07,0.0,0.0
2023-03-08,0.0,0.0
2023-03-09,0.0,0.0
2023-03-10,0.0,0.0
2023-03-13,0.0,0.0
2023-03-14,0.0,0.0
2023-03-15,0.0,0.0
2023-03-16,0.0,0.0
2023-03-17,0.0,0.0
2023-03-20,0.0,0.0
2023-03-21,0.0,0.0
2023-03-22,0.0,0.0
2023-03-23,0.0,0.0
2023-03-24,0.0,0.0
2023-03-27,0.0,0.0
2023-03-28,0.0,0.0
2023-03-29,0.0,0.0
2023-03-30,0.0,0.0
2023-03-31,0.0,0.0
2023-04-03,0.0,0.0
2023-04-04,0.0,0.0
2023-04-05,0.0,0.0
2023-04-06,0.0,0.0
2023-04-10,0.0,0.0
2023-04-11,0.0,0.0
2023-04-12,0.0,0.0
2023-04-13,0.0,0.0
2023-04-14,0.0,0.0
2023-04-17,0.0,0.0
2023-04-18,0.0,0.0
2023-04-19,0.0,0.0
2023-04-20,0.0,0.0
2023-04-21,0.0,0.0
2023-04-24,0.0,0.0
2023-04-25,0.0,0.0
2023-04-26,0.0,0.0
2023-04-27,0.0,0.0
2023-04-28,0.0,0.0
2023-05-01,0.0,0.0
2023-05-02,0.0,0.0
2023-05-03,0.0,0.0
2023-05-04,0.0,0.0
2023-05-05,0.0,0.0
2023-05-08,0.0,0.0
2023-05-09,0.0,0.0
2023-05-10,0.0,0.0
2023-05-11,0.0,0.0
2023-05-12,0.0,0.0
2023-05-15,0.0,0.0
2023-05-16,0.0,0.0
2023-05-17,0.0,0.0
2023-05-18,0.0,0.0
2023-05-19,0.0,0.0
2023-05-22,0.0,0.0
2023-05-23,0.0,0.0
2023-05-24,0.0,0.0
2023-05-25,0.0,0.0
2023-05-26,0.0,0.0
2023-05-30,0.0,0.0
2023-05-31,0.0,0.0
2023-06-01,0.0,0.0
2023-06-02,0.0,0.0
2023-06-05,0.0,0.0
2023-06-06,0.0,0.0
2023-06-07,0.0,0.0
2023-06-08,0.0,0.0
2023-06-09,0.0,0.0
2023-06-12,0.0,0.0
2023-06-13,0.0,0.0
2023-06-14,0.0,0.0
2023-06-15,0.0,0.0
2023-06-16,0.0,0.0
2023-06-20,0.0,0.0
2023-06-21,0.0,0.0
2023-06-22,0.0,0.0
2023-06-23,0.0,0.0
2023-06-26,0.0,0.0
2023-06-27,0.0,0.0
2023-06-28,0.0,0.0
2023-06-29,0.0,0.0
2023-06-30,0.0,0.0
2023-07-03,0.0,0.0
2023-07-05,0.0,0.0
2023-07-06,0.0,0.0
2023-07-07,0.0,0.0
2023-07-10,0.0,0.0
2023-07-11,0.0,0.0
2023-07-12,0.0,0.0
2023-07-13,0.0,0.0
2023-07-14,0.0,0.0
2023-07-17,0.0,0.0
2023-07-18,0.0,0.0
2023-07-19,0.0,0.0
2023-07-20,0.0,0.0
2023-07-21,0.0,0.0
2023-07-24,0.0,0.0
2023-07-25,0.0,0.0
2023-07-26,0.0,0.0
2023-07-27,0.0,0.0
2023-07-28,0.0,0.0
2023-07-31,0.0,0.0
2023-08-01,0.0,0.0
2023-08-02,0.0,0.0
2023-08-03,0.0,0.0
2023-08-04,0.0,0.0
2023-08-07,0.0,0.0
2023-08-08,0.0,0.0
2023-08-09,0.0,0.0
2023-08-10,0.0,0.0
2023-08-11,0.0,0.0
2023-08-14,0.0,0.0
2023-08-15,0.0,0.0
2023-08-16,0.0,0.0
2023-08-17,0.0,0.0
2023-08-18,0.0,0.0
2023-08-21,0.0,0.0
2023-08-22,0.0,0.0
2023-08-23,0.0,0.0
2023-08-24,0.0,0.0
2023-08-25,0.0,0.0
2023-08-28,0.0,0.0
2023-08-29,0.0,0.0
2023-08-30,0.0,0.0
2023-08-31,0.0,0.0
2023-09-01,0.0,0.0
2023-09-05,0.0,0.0
2023-09-06,0.0,0.0
2023-09-07,0.0,0.0
2023-09-08,0.0,0.0
2023-09-11,0.0,0.0
2023-09-12,0.0,0.0
2023-09-13,0.0,0.0
2023-09-14,0.0,0.0
2023-09-15,0.0,0.0
2023-09-18,0.0,0.0
2023-09-19,0.0,0.0
2023-09-20,0.0,0.0
2023-09-21,0.0,0.0
2023-09-22,0.0,0.0
2023-09-25,0.0,0.0
2023-09-26,0.0,0.0
2023-09-27,0.0,0.0
2023-09-28,0.0,0.0
2023-09-29,0.0,0.0
2023-10-02,0.0,0.0
2023-10-03,0.0,0.0
2023-10-04,0.0,0.0
2023-10-05,0.0,0.0
2023-10-06,0.0,0.0
2023-10-09,0.0,0.0
2023-10-10,0.0,0.0
2023-10-11,0.0,0.0
2023-10-12,0.0,0.0
2023-10-13,0.0,0.0
2023-10-16,0.0,0.0
2023-10-17,0.0,0.0
2023-10-18,0.0,0.0
2023-10-19,0.0,0.0
2023-10-20,0.0,0.0
2023-10-23,0.0,0.0
2023-10-24,0.0,0.0
2023-10-25,0.0,0.0
2023-10-26,0.0,0.0
2023-10-27,0.0,0.0
2023-10-30,0.0,0.0
2023-10-31,0.0,0.0
2023-11-01,0.0,0.0
2023-11-02,0.0,0.0
2023-11-03,0.0,0.0
2023-11-06,0.0,0.0
2023-11-07,0.0,0.0
2023-11-08,0.0,0.0
2023-11-09,0.0,0.0
2023-11-10,0.0,0.0
2023-11-13,0.0,0.0
2023-11-14,0.0,0.0
2023-11-15,0.0,0.0
2023-11-16,0.0,0.0
2023-11-17,0.0,0.0
2023-11-20,0.0,0.0
2023-11-21,0.0,0.0
2023-11-22,0.0,0.0
2023-11-24,0.0,0.0
2023-11-27,0.0,0.0
2023-11-28,0.0,0.0
2023-11-29,0.0,0.0
2023-11-30,0.0,0.0
2023-12-01,0.0,0.0
2023-12-04,0.0,0.0
2023-12-05,0.0,0.0
2023-12-06,0.0,0.0
2023-12-07,0.0,0.0
2023-12-08,0.0,0.0
2023-12-11,0.0,0.0
2023-12-12,0.0,0.0
2023-12-13,0.0,0.0
2023-12-14,0.0,0.0
2023-12-15,0.0,0.0
2023-12-18,0.0,0.0
2023-12-19,0.0,0.0
2023-12-20,0.0,0.0
2023-12-21,0.0,0.0
2023-12-22,0.0,0.0
2023-12-26,0.0,0.0
2023-12-27,0.0,0.0
2023-12-28,0.0,0.0
2023-12-29,0.0,0.0
2024-01-02,0.0,0.0
2024-01-03,0.0,0.0
2024-01-04,0.0,0.0
2024-01-05,0.0,0.0
2024-01-08,0.0,0.0
2024-01-09,0.0,0.0
2024-01-10,0.0,0.0
2024-01-11,0.0,0.0
2024-01-12,0.0,0.0
2024-01-16,0.0,0.0
2024-01-17,0.0,0.0
2024-01-18,0.0,0.0
2024-01-19,0.0,0.0
2024-01-22,0.0,0.0
2024-01-23,0.0,0.0
2024-01-24,0.0,0.0
2024-01-25,0.0,0.0
2024-01-26,0.0,0.0
2024-01-29,0.0,0.0
2024-01-30,0.0,0.0
2024-01-31,0.0,0.0
2024-02-01,-3.332358023354861e-20,0.0
2024-02-02,0.0,0.0
2024-02-05,0.0,0.0
2024-02-06,0.0,0.0
2024-02-07,0.0,0.0
2024-02-08,0.0,0.0
2024-02-09,0.0,0.0
2024-02-12,0.0,0.0
2024-02-13,0.0,0.0
2024-02-14,0.0,0.0
2024-02-15,0.0,0.0
2024-02-16,0.0,0.0
2024-02-20,0.0,0.0
2024-02-21,0.0,0.0
2024-02-22,0.0,0.0
2024-02-23,0.0,0.0
2024-02-26,0.0,0.0
2024-02-27,0.0,0.0
2024-02-28,0.0,0.0
2024-02-29,0.0,0.0
2024-03-01,0.0,0.0
2024-03-04,-4.40788105193628e-21,0.0
2024-03-05,0.0,0.0
2024-03-06,0.0,0.0
2024-03-07,0.0,0.0
2024-03-08,0.0,0.0
2024-03-11,0.0,0.0
2024-03-12,0.0,0.0
2024-03-13,0.0,0.0
2024-03-14,0.0,0.0
2024-03-15,0.0,0.0
2024-03-18,0.0,0.0
2024-03-19,0.0,0.0
2024-03-20,0.0,0.0
2024-03-21,0.0,0.0
2024-03-22,0.0,0.0
2024-03-25,0.0,0.0
2024-03-26,0.0,0.0
2024-03-27,0.0,0.0
2024-03-28,-2.891569918161233e-20,-0.001
2024-04-01,2.2060999230511363e-19,0.007629419261817501
2024-04-02,-2.2053936429508095e-19,-0.007626976712889698
2024-04-03,-0.0016993672138667427,0.005797469217615777
2024-04-04,-0.0012181437914798345,0.004872575425515567
2024-04-05,0.0014875620175269764,-0.005950248387119323
2024-04-08,-0.0003557093145008534,0.0014228373338079265
2024-04-09,-0.0011807554342731271,0.004723021988720978
2024-04-10,0.0001950486864872481,-0.0007801947875154345
2024-04-11,-0.0017862895199917724,0.007145158460639738
2024-04-12,0.0011940225910662258,-0.00477609061872071
2024-04-15,5.30673838131641e-05,-0.00021226954656174222
2024-04-16,-0.0006881143899866216,0.0027524577065891915
2024-04-17,0.0037257070413939416,-0.01490282895955387
2024-04-18,0.00020277258344142095,-0.0008110903769781504
2024-04-19,0.003485643744088915,-0.013942575719174347
2024-04-22,0.001609661454396587,-0.006438646160618136
2024-04-23,-0.0005317467655043413,0.002126987175336873
2024-04-24,0.00033219562713603074,-0.00132878257933768
2024-04-25,-0.0008070920667031477,0.0032283684388103944
2024-04-26,-0.0015130404762232256,0.006052162227333984
2024-04-29,0.0018438472867009805,-0.007375389539742592
2024-04-30,-0.0006278991954984398,0.0025115969158041227
2024-05-01,0.002032330585846817,-0.008129322776493244
2024-05-02,7.204392613738767e-05,-0.000288175758517245
2024-05-03,-0.0002347763429961579,0.0009391053710734103
2024-05-06,-0.0004364192051133409,0.0017456768187595196
2024-05-07,0.0013321529139896091,-0.005328611650788043
2024-05-08,-0.002272048556168887,0.009088194215857203
2024-05-09,-0.001844393691454579,0.007377574758659798
2024-05-10,-0.0039036535457641283,0.01561461416790553
2024-05-13,-0.0018270850866961728,0.0073083403396933515
2024-05-14,-0.0006148386379036412,0.0024593545492282336
2024-05-15,-0.0005921815448702028,0.0023687261771824174
2024-05-16,0.0018045594235554577,-0.007218237687217919
2024-05-17,-0.00016677499192776108,0.000667099967063752
2024-05-20,-0.0017655626289518388,0.007062250508954798
2024-05-21,0.0,0.0
2024-05-22,0.0,0.0
2024-05-23,0.00025000000024257696,-0.001
2024-05-24,0.0011225865999691276,-0.004490346395519492
2024-05-28,0.0017694839205139724,-0.007077935675188113
2024-05-29,0.00033907218440907,-0.0013562887363202623
2024-05-30,0.009631122622433232,-0.03852449045235232
2024-05-31,-0.008809019590240266,0.03523607832677122
2024-06-03,-0.0003715657123810296,0.007240477642165122
2024-06-04,-4.0130390513483594e-05,0.00206006118308696
2024-06-05,0.00015002841761062026,-0.00770158763782161
2024-06-06,3.6038177985464735e-05,-0.001849990758302997
2024-06-07,0.0001226976712189983,-0.006298585847264478
2024-06-10,-0.00012626184988502132,0.0064815500802438124
2024-06-11,-9.732506544465889e-06,0.0004996103623675786
2024-06-12,-9.998067556426004e-06,0.0005132427224189095
2024-06-13,2.4974293450013592e-05,-0.0012820351821423086
2024-06-14,-0.00014839700002041437,0.007617840133549026
2024-06-17,5.133133686398931e-05,-0.002635052716816576
2024-06-18,4.675547316763935e-05,-0.0024001544499586917
2024-06-20,-0.0001017128019797772,0.005221344534664994
2024-06-21,0.00012518963688527387,-0.006426508891944417
2024-06-24,-0.00021357229961839198,0.010963561495337032
2024-06-25,0.000169418576776023,-0.008696965796853048
2024-06-26,-0.00014134223910853414,0.007255689680374627
2024-06-27,-0.00011468330351997734,0.0058871747547611115
2024-06-28,5.9027206983817675e-05,-0.0030301139933473975
2024-07-01,0.0,0.0
2024-07-02,0.0,0.0
2024-07-03,0.0,0.0
2024-07-05,0.0,0.0
2024-07-08,0.0,0.0
2024-07-09,0.0,0.0
2024-07-10,0.0,0.0
2024-07-11,0.0,0.0
2024-07-12,0.0,0.0
2024-07-15,0.0,0.0
2024-07-16,0.0,0.0
2024-07-17,0.0,0.0
2024-07-18,0.0,0.0
2024-07-19,0.0,0.0
2024-07-22,0.0,0.0
2024-07-23,0.0,0.0
2024-07-24,0.0,0.0
2024-07-25,0.0,0.0
2024-07-26,0.0,0.0
2024-07-29,0.0,0.0
2024-07-30,0.0,0.0
2024-07-31,0.0,0.0
2024-08-01,0.0,0.0
2024-08-02,0.0,0.0
2024-08-05,0.0,0.0
2024-08-06,0.0,0.0
2024-08-07,0.0,0.0
2024-08-08,0.0,0.0
2024-08-09,0.0,0.0
2024-08-12,0.0,0.0
2024-08-13,0.0,0.0
2024-08-14,0.0,0.0
2024-08-15,0.0,0.0
2024-08-16,0.0,0.0
2024-08-19,0.0,0.0
2024-08-20,0.0,0.0
2024-08-21,0.0,0.0
2024-08-22,0.0,0.0
2024-08-23,0.0,0.0
2024-08-26,0.0,0.0
2024-08-27,0.0,0.0
2024-08-28,0.0,0.0
2024-08-29,0.0,0.0
2024-08-30,0.0,0.0
2024-09-03,0.0,0.0
2024-09-04,0.0,0.0
2024-09-05,0.0,0.0
2024-09-06,0.0,0.0
2024-09-09,0.0,0.0
2024-09-10,0.0,0.0
2024-09-11,0.0,0.0
2024-09-12,0.0,0.0
2024-09-13,0.0,0.0
2024-09-16,0.0,0.0
2024-09-17,0.0,0.0
2024-09-18,0.0,0.0
2024-09-19,0.0,0.0
2024-09-20,0.0,0.0
2024-09-23,0.0,0.0
2024-09-24,0.0,0.0
2024-09-25,0.0,0.0
2024-09-26,0.0,0.0
2024-09-27,0.0,0.0
2024-09-30,0.0,0.0
2024-10-01,0.0,0.0
2024-10-02,0.0,0.0
2024-10-03,0.0,0.0
2024-10-04,0.0,0.0
2024-10-07,0.0,0.0
2024-10-08,0.0,0.0
2024-10-09,0.0,0.0
2024-10-10,0.0,0.0
2024-10-11,0.0,0.0
2024-10-14,0.0,0.0
2024-10-15,0.0,0.0
2024-10-16,0.0,0.0
2024-10-17,0.0,0.0
2024-10-18,0.0,0.0
2024-10-21,0.0,0.0
2024-10-22,0.0,0.0
2024-10-23,0.0,0.0
2024-10-24,0.0,0.0
2024-10-25,0.0,0.0
2024-10-28,0.0,0.0
2024-10-29,0.0,0.0
2024-10-30,0.0,0.0
2024-10-31,0.0,0.0
2024-11-01,0.0,0.0
2024-11-04,0.0,0.0
2024-11-05,0.0,0.0
2024-11-06,0.0,0.0
2024-11-07,0.0,0.0
2024-11-08,0.0,0.0
2024-11-11,0.0,0.0
2024-11-12,0.0,0.0
2024-11-13,0.0,0.0
2024-11-14,0.0,0.0
2024-11-15,0.0,0.0
2024-11-18,0.0,0.0
2024-11-19,0.0,0.0
2024-11-20,0.0,0.0
2024-11-21,0.0,0.0
2024-11-22,0.0,0.0
2024-11-25,0.0,0.0
2024-11-26,0.0,0.0
2024-11-27,0.0,0.0
2024-11-29,0.0,0.0
2024-12-02,0.0,0.0
2024-12-03,0.0,0.0
2024-12-04,0.0,0.0
2024-12-05,0.0,0.0
2024-12-06,0.0,0.0
2024-12-09,0.0,0.0
2024-12-10,0.0,0.0
2024-12-11,0.0,0.0
2024-12-12,0.0,0.0
2024-12-13,0.0,0.0
2024-12-16,0.0,0.0
2024-12-17,0.0,0.0
2024-12-18,0.0,0.0
2024-12-19,0.0,0.0
2024-12-20,0.0,0.0
2024-12-23,0.0,0.0
2024-12-24,0.0,0.0
2024-12-26,0.0,0.0
2024-12-27,0.0,0.0
2024-12-30,0.0,0.0
2024-12-31,0.0,0.0
2025-01-02,0.0,0.0
2025-01-03,0.0,0.0
2025-01-06,0.0,0.0
2025-01-07,0.0,0.0
2025-01-08,0.0,0.0
2025-01-10,0.0,-0.0005
2025-01-13,0.0,-0.00028322522220772023
2025-01-14,0.0,0.006573099967060414
2025-01-15,0.0,0.00099798392359431
2025-01-16,0.0,-0.0012413141131977523
2025-01-17,0.0,-0.005489590470242348
2025-01-21,0.0,-0.004108804907616136
2025-01-22,0.0,-0.006837494324471095
2025-01-23,0.0,-0.004296768619465952
2025-01-24,0.0,0.001890656123648543
2025-01-27,0.0,0.0059683323958864
2025-01-28,0.0,-0.001957276081613461
2025-01-29,0.0,-0.003747677024052588
2025-01-30,0.0,-0.00014171306694986114
2025-01-31,0.0,-0.0039499392171951
2025-02-03,0.0,0.0009878507381911564
2025-02-04,0.0007085478276586061,-0.0019170956680874516
2025-02-05,0.0005525036703911726,-0.0011050073507401829
2025-02-06,0.00019857933790991145,-0.0003971586793988413
2025-02-07,-0.0004378539369090186,0.0008757078817095295
2025-02-10,-0.0010486866614967578,0.0020973733418941168
2025-02-11,-0.004984957144261515,0.00996991437836749
2025-02-12,0.0049761755826940625,-0.009952351255074314
2025-02-13,-0.00079741451375903,0.001594829041889954
2025-02-14,-0.0009316666368636218,0.0018633332905187792
2025-02-18,0.0008291494206906986,-0.0016582988563252532
2025-02-19,0.0021342608517573875,-0.004268521741980806
2025-02-20,0.0005630912982330098,-0.0011261826066146794
2025-02-21,-0.0015295782879708095,0.0030591566035093856
2025-02-24,-0.003585340915232266,0.007170681895083547
2025-02-25,-0.003238935313149777,0.00647787068467526
2025-02-26,0.0005064290584630613,-0.001012858126053552
2025-02-27,-0.0028960612888758027,0.005792122629947653
2025-02-28,-3.97710339069794e-05,7.954206853075674e-05
2025-03-03,-0.0008775915724937535,0.0017551831608044416
2025-03-04,-0.0009520378249666575,0.001904075667092003
2025-03-05,0.00013360563232857065,-0.0002672112670651311
2025-03-06,0.0013167192906360448,0.003633438555436649
2025-03-07,0.0013773037827554241,0.0027546075467599312
2025-03-10,0.0,0.0
2025-03-11,0.0,0.0
2025-03-12,0.0,0.0
2025-03-13,-0.00025000000170177756,-0.0005
2025-03-14,-0.0009188437024473076,-0.0018376873923852746
2025-03-17,0.00043916698551123333,0.0008783339650435505
2025-03-18,0.002389042710319773,0.004778085388114592
2025-03-19,0.00039990922188913445,0.0007998184383338166
2025-03-20,0.001813131101170743,0.00362626217765712
2025-03-21,-0.0015848767258878676,-0.0031697534301988743
2025-03-24,0.0018148455668550564,0.0036296911090024056
2025-03-25,0.0,0.0
2025-03-26,0.0,0.0
2025-03-27,0.0,0.0
2025-03-28,0.0,0.0
2025-03-31,-0.00025000000170177756,-0.0005
2025-04-01,0.0005217016585611344,0.0010434033100197074
2025-04-02,0.003361553784613245,0.006723107523461556
2025-04-03,-0.004470526850983115,-0.008941053641103494
2025-04-04,0.0030509996169551185,0.0061019992223021735
2025-04-07,0.004270301282714148,0.008540602546008682
2025-04-08,-0.0028427292013679037,-0.005685458389808218
2025-04-09,0.0017800757446831115,0.0035601514812711546
2025-04-10,0.0,0.0
2025-04-11,0.0,0.0
2025-04-14,0.0,0.0
2025-04-15,0.0,0.0
2025-04-16,0.0,0.0
2025-04-17,0.0,0.0
2025-04-21,-0.00025000000056844975,-0.0005
2025-04-22,0.001885498293141221,0.003770996577707954
2025-04-23,-0.00023966653041489582,-0.00047933305973988467
2025-04-24,-0.0007174216240814567,-0.0014348432449003685
2025-04-25,-0.00260926107150786,-0.005218522131149849
2025-04-28,0.00252993912675874,0.005059878242012334
2025-04-29,0.0024578034566540125,0.004915606902130923
2025-04-30,-0.0010231744744217744,-0.002046348944190563
2025-05-01,0.0007007892725510535,0.0014015785419151992
2025-05-02,0.0003101223598177943,0.0006202447182252768
2025-05-05,0.0002672855510931006,0.000534571100970694
2025-05-06,0.000851810392577463,0.001703620780210738
2025-05-07,0.0,0.0
2025-05-08,0.0,0.0
2025-05-09,0.0,0.0
2025-05-12,0.0,0.0
2025-05-13,0.0,0.0
2025-05-14,0.0,0.0
2025-05-15,0.0,0.0
2025-05-16,0.0,0.0
2025-05-19,0.0,0.0
2025-05-20,0.0,0.0
2025-05-21,0.0,0.0
2025-05-22,0.0,0.0
2025-05-23,-0.000250000000790799,-0.0005
2025-05-27,0.0013807781274175414,0.0027615562460997388
2025-05-28,-0.0007208900550587019,-0.0014417801055567705
2025-05-29,0.0007006585882096639,0.0014013171719866866
2025-05-30,0.0005121010509111078,0.0010242020985824635
2025-06-02,2.209355450688174e-05,4.418710887399099e-05
2025-06-03,0.00019172322136754025,0.00038344644152216417
2025-06-04,-0.0016068705833025797,-0.0032137411564394655
2025-06-05,-8.814972282383606e-05,-0.00017629944507705663
2025-06-06,-0.001249734072928936,-0.002499468138051525
2025-06-09,-0.0018544077562523513,-0.003708815500921318
2025-06-10,-0.0022813305612354624,-0.004562661108220807
2025-06-11,-0.0010449462864173748,-0.00208989256630759
2025-06-12,0.0009672143144401071,0.0019344286228386003
2025-06-13,-0.00024307376557973818,-0.0004861475296411388
2025-06-16,-0.001202247691145422,-0.0024044953747811163
2025-06-17,-0.00027643474789986583,-0.0005528694940730079
2025-06-18,-0.00019305738138022962,-0.00038611476155454437
2025-06-20,0.0001387359623644034,0.0002774719238622056
2025-06-23,0.0015292523993752124,0.003058504789198093
2025-06-24,-0.002382562495799657,-0.00476512497671686
2025-06-25,-0.0025845847351864634,-0.00516916945422856
2025-06-26,0.001387414661590007,0.002774829314513658
2025-06-27,-0.0005038383985477632,-0.001007676793948347
2025-06-30,0.0016841783883463795,0.0033683567661726963
2025-07-01,0.0,0.0
2025-07-02,0.0,0.0
2025-07-03,0.0,0.0
2025-07-07,0.0,0.0
2025-07-08,0.0,0.0
2025-07-09,0.0,0.0
2025-07-10,0.0,0.0
2025-07-11,0.0,0.0
2025-07-14,0.0,0.0
2025-07-15,0.0,0.0
2025-07-16,0.0,0.0
2025-07-17,0.0,0.0
2025-07-18,0.0,0.0
2025-07-21,0.0,0.0
2025-07-22,0.0,0.0
2025-07-23,0.0,0.0
2025-07-24,0.0,0.0
2025-07-25,0.0,0.0
2025-07-28,0.0,0.0
2025-07-29,0.0,0.0
2025-07-30,0.0,0.0
2025-07-31,-4.064671060396867e-20,0.0
2025-08-01,0.0,0.0
2025-08-04,0.0,0.0
2025-08-05,0.0,0.0
2025-08-06,0.0,0.0
2025-08-07,0.0,0.0
2025-08-08,0.0,0.0
2025-08-11,0.0,0.0
2025-08-12,0.0,0.0
2025-08-13,0.0,0.0
2025-08-14,0.0,0.0
2025-08-15,0.0,0.0
2025-08-18,0.0,0.0
2025-08-19,0.0,0.0
2025-08-20,0.0,0.0
2025-08-21,0.0,0.0
2025-08-22,0.0,0.0
2025-08-25,0.0,0.0
2025-08-26,0.0,0.0
2025-08-27,0.0,0.0
2025-08-28,0.0,0.0
2025-08-29,-2.2104858050229228e-20,0.0
2025-09-02,0.0,0.0
2025-09-03,0.0,0.0
2025-09-04,0.0,0.0
2025-09-05,0.0,0.0
2025-09-08,0.0,0.0
2025-09-09,0.0,0.0
2025-09-10,0.0,0.0
2025-09-11,0.0,0.0
2025-09-12,0.0,0.0
2025-09-15,0.0,0.0
2025-09-16,0.0,0.0
2025-09-17,0.0,0.0
2025-09-18,0.0,0.0
2025-09-19,0.0,0.0
2025-09-22,0.0,0.0
2025-09-23,0.0,0.0
2025-09-24,0.0,0.0
2025-09-25,0.0,0.0
2025-09-26,0.0,0.0
2025-09-29,0.0,0.0
2025-09-30,-1.1101866572755072e-19,0.0
2025-10-01,0.0,0.0
2025-10-02,0.0,0.0
2025-10-03,0.0,0.0
2025-10-06,0.0,0.0
2025-10-07,0.0,0.0
2025-10-08,0.0,0.0
2025-10-09,0.0,0.0
2025-10-10,0.0,0.0
2025-10-13,0.0,0.0
2025-10-14,0.0,0.0
2025-10-15,0.0,0.0
2025-10-16,0.0,0.0
2025-10-17,0.0,0.0
2025-10-20,0.0,0.0
2025-10-21,0.0,0.0
2025-10-22,0.0,0.0
2025-10-23,0.0,0.0
2025-10-24,0.0,0.0
2025-10-27,0.0,0.0
2025-10-28,0.0,0.0
2025-10-29,-1.1769312538587604e-19,0.0
2025-10-30,0.0,0.0
2025-10-31,0.0,0.0
2025-11-03,0.0,0.0
2025-11-04,0.0,0.0
2025-11-05,0.0,0.0
2025-11-06,0.0,0.0
2025-11-07,0.0,0.0
2025-11-10,0.0,0.0
2025-11-11,-1.1554906014471751e-20,-0.00025
2025-11-12,-2.777278814901437e-20,-0.0006008873658130754
2025-11-13,-6.587598505478537e-20,-0.0014252817152359371
2025-11-14,-3.5981642776086435e-20,-0.0007784927616681135
2025-11-17,1.1556204793293588e-19,0.0025002810015979813
2025-11-18,5.192604973737959e-20,0.0011234632647021462
2025-11-19,-1.6550787652771373e-19,-0.0035809005352450754
2025-11-20,2.1477594898254513e-19,0.00464685625122248
2025-11-21,-1.0986012070607347e-19,-0.002376915064659137
2025-11-24,5.937659597899449e-20,0.001284662028073384
2025-11-25,-2.230026796744308e-19,-0.004824848410604439
2025-11-26,-3.127019573870777e-20,-0.000676556687253534
2025-11-28,-8.808649836764061e-05,-0.0001619135016172901
2025-12-01,-0.002678489175426967,0.002678489175885187
2025-12-02,-0.0016114509075038034,0.001611450907779481
2025-12-03,-0.0018424825906706254,0.0018424825909858266
2025-12-04,0.003418310034878196,-0.0034183100354629806
2025-12-05,0.000673665889868971,-0.0006736658899842178
2025-12-08,-0.0037868009903596774,0.003786800991007501
2025-12-09,-0.002739723564243705,0.002739723564712401
2025-12-10,0.003649644775759333,-0.003649644776383693
2025-12-11,0.0004174039717842999,-0.0004174039718557069
2025-12-12,-0.00186833553928801,0.0018683355396076338
2025-12-15,0.0009122769008720515,-0.0009122769010281185
2025-12-16,0.003890492252692608,-0.0038904922533581705
2025-12-17,-0.0011694397844212471,0.001169439784621308
2025-12-18,-0.0003951849563660769,0.0003951849564336828
2025-12-19,0.0013391921090526433,-0.0013391921092817446
2025-12-22,0.0013817577684390684,-0.0013817577686754514
2025-12-23,-0.002148220721858096,0.002148220722225601
2025-12-24,0.00015583105717359013,-0.0001558310572002488
2025-12-26,0.0012151949976601892,-0.0012151949978680776
2025-12-29,0.0003991074878176104,-0.0003991074878858874
2025-12-30,-0.001617966404206178,0.0016179664057671636
2025-12-31,-0.002089811639990536,0.002089811642309882
2026-01-02,0.0,0.0
2026-01-05,0.0,0.0
2026-01-06,0.0,0.0
2026-01-07,0.0,-5e-05
2026-01-08,0.0,0.0005646455507748073
2026-01-09,0.0,-4.705718896524931e-05
2026-01-12,0.0,9.9005371913129e-05
2026-01-13,0.0,0.00031477713049029394
2026-01-14,0.0,4.407264484983624e-05
2026-01-15,0.0,-0.00017671907777240526
2026-01-16,0.0,-0.000779727713692822
2026-01-20,0.0,0.0012949533593863349
2026-01-21,0.0,0.0005985385828466306
2026-01-22,0.0,0.0004199295419442652
2026-01-23,0.0,-0.00017200802875854716
2026-01-26,0.0,-0.0003385173914927369
2026-01-27,0.0,-0.0005864430633305963
2026-01-28,0.0,-0.000648834775988651
2026-01-29,0.0,-0.001054442423350023
2026-01-30,0.0,-0.0021374073293501258
2026-02-02,0.0,0.00010165481243266288
2026-02-03,-0.007429151958464939,-0.0020135395301233015
2026-02-04,-0.0008613613645852951,-0.0016652539996405815
2026-02-05,-1.86286501441961e-05,-0.00121597133737141
2026-02-06,-0.0034687304367537514,0.00038057813802418167
2026-02-09,-0.00022505583206009383,0.0009577660331346645
2026-02-10,-0.009636110183173485,-0.00277217332873209
2026-02-11,0.00332504061661083,-0.006902992629634088
2026-02-12,0.007425135985733796,-0.016216227104011143
2026-02-13,0.006587693278156975,-0.018953570065657996
2026-02-17,-0.0034262470697853558,0.003035202406776013
2026-02-18,-0.001247989793486088,0.01328826121079314
2026-02-19,-0.0016115628053541273,-0.021959473538610566
2026-02-20,0.002460081776631899,-0.008389807433277365
2026-02-23,0.0034749045117163846,-0.0042842802381741815
2026-02-24,0.002035889963483187,-0.006474633790556156
2026-02-25,-0.0016897330859586101,0.0005259373429276113
2026-02-26,0.006536277327288407,0.0027554194068890384
2026-02-27,0.003972902584461688,-0.0048287852797744765
2026-03-02,-0.0028258591128493046,0.0003610167603490125
2026-03-03,-0.004447540846659961,0.0038425662463227673
2026-03-04,0.002415747448851211,0.0005582010630916325
2026-03-05,-0.018335402228501784,0.02220252985498212
2026-03-06,0.004671673363574356,-0.0074158060282779855
2026-03-09,-0.007241834284484573,0.01129882469655495
2026-03-10,-0.0026472886781997475,0.00020104080176726498
2026-03-11,-0.0042828307452784315,-0.0012854289509410725
2026-03-12,-0.0031389359558094145,0.0047750196407096625
2026-03-13,0.009751597246662504,-0.009004550415667863
2026-03-16,0.0049496083359813455,-0.010501607441462458
2026-03-17,-0.00014793222180328443,0.0012204319689530481
2026-03-18,-0.007368095142237163,0.004097455360404394
2026-03-19,-0.0031256900565934317,0.008495734159660278
2026-03-20,-0.01328951241244168,0.020334919493951106
2026-03-23,0.0038018641374356747,-0.008271782457463813
2026-03-24,-0.0010696737329488042,-0.0015335229775020607
2026-03-25,0.0014403370073455607,0.0007979594826478955
2026-03-26,-0.006275319977839284,0.0021160405239102867
2026-03-27,0.0015098328772830054,0.003584980711927577
2026-03-30,0.005231809289350477,-0.01595399277953778
2026-03-31,0.004125700872114862,-0.009241839895017907
2026-04-01,0.001004425628908945,-0.0015054880829817423
2026-04-02,0.00182131194811945,-0.0015154374495181732
2026-04-06,-0.0029406316499683074,0.00022522213984482687
2026-04-07,-0.001207474717648605,8.51644028807612e-05
2026-04-08,0.01576738462584905,-0.012579896574440978
2026-04-09,0.01190548222860257,-0.010904459338566048
2026-04-10,-0.004911039286477059,0.0029977724651231615
2026-04-13,-0.024727948148560747,0.0263849625190144
2026-04-14,-0.006183603124766527,0.0021061229279716836
2026-04-15,-0.008901414548789212,0.007658179623552957
2026-04-16,0.01154408236640275,-0.005688558232455062
2026-04-17,-0.000363019022471558,0.007289050942067396
2026-04-20,-0.004825707200045009,0.0020101136019214038
2026-04-21,-0.00687989273030558,0.006232860589758501
2026-04-22,0.005971346344297442,-0.0007690077425085141
2026-04-23,0.012639564811226757,-0.009663396161098374
2026-04-24,-0.006930852487713741,0.012509730735394181
2026-04-27,-0.005424248917380197,0.0037479053696421274
2026-04-28,0.001710682937567154,0.00318900990900839
2026-04-29,-0.0026878765859265305,-0.0011621195352282865
2026-04-30,0.016337069029317898,-0.015335804618239246
2026-05-01,0.007266136872840636,-0.003653365473215729
2026-05-04,-0.01675001947741708,0.01102766867300629
2026-05-05,0.0004376977619052451,0.0019028814878420367
2026-05-06,0.006235129417724469,0.0036089189732054477
2026-05-07,0.00670975586200281,-0.0021757793066238223
2026-05-08,0.01071078884278117,-0.004343260362100156
2026-05-11,0.01248767292019077,-0.015468845123145867
2026-05-12,0.00120672046781138,-0.004666055633127451
2026-05-13,-3.850909535709129e-06,0.008214996720026924
2026-05-14,0.0069107518801163415,-0.002703723668482837
2026-05-15,-0.007252295862667859,0.013277918766040887
2026-05-18,-0.006108144352292434,-0.005486376193796775
2026-05-19,0.005812230459312013,-0.019548469503221533
2026-05-20,-0.0008677490799289708,0.009974935027988914
2026-05-21,0.0031935767536028763,-0.0052527145166704325
2026-05-22,0.007158881241309143,-0.007750616678670566
2026-05-26,0.0024435860836971575,0.0020475939277941643
2026-05-27,0.0033730145261443435,-0.0037594961549213424
2026-05-28,-0.010299359267706653,0.008910459949226908
2026-05-29,-0.00047088458429598624,0.0017007133329536553
2026-06-01,0.0016425885009775877,0.004679773531379643
2026-06-02,0.010275512426002333,-0.015958815855830432
2026-06-03,-0.0008942770079904901,0.006890934660973346
2026-06-04,-0.00733667268559236,-0.00908545963914953
2026-06-05,-0.007341717593738335,-0.015275691106836221
2026-06-08,0.008213199932389077,0.025124450251600285
2026-06-09,-0.011543329186848788,-0.00391726235039429
2026-06-10,-0.0023996120405331287,-0.004174761656230969
2026-06-11,0.012889992936259507,-0.005568347444577977
2026-06-12,-0.0003403888907056896,-0.007662192722415637
2026-06-15,0.0007963589942117979,0.005545228623566066
2026-06-16,-0.004053135446206287,-0.00040813512258252747
2026-06-17,0.002848142444508065,0.012622921909576996
2026-06-18,0.00474483148737715,-0.007260695105892476
2026-06-22,0.0021265626419295987,-0.0003180908089861676
2026-06-23,-0.009675040218760702,-0.009337328053280108
2026-06-24,-0.012017363873873647,-0.010868541283144774
2026-06-25,0.003745207284001195,-0.00473767248344549
2026-06-26,-0.011070733311069678,-0.009849732690768628
2026-06-29,0.006854937605104515,-0.0006591449089202296
