Date,static_ols,rolling_ols,kalman
2012-01-03,0.0,0.0,0.0
2012-01-04,0.0,0.0,0.0
2012-01-05,0.0,0.0,0.0
2012-01-06,0.0,0.0,0.0
2012-01-09,0.0,0.0,0.0
2012-01-10,0.0,0.0,0.0
2012-01-11,0.0,0.0,0.0
2012-01-12,0.0,0.0,0.0
2012-01-13,0.0,0.0,0.0
2012-01-17,0.0,0.0,0.0
2012-01-18,0.0,0.0,0.0
2012-01-19,0.0,0.0,0.0
2012-01-20,0.0,0.0,0.0
2012-01-23,0.0,0.0,0.0
2012-01-24,-0.00014285714285714284,0.0,0.0
2012-01-25,0.0014828221980910082,0.0,0.0
2012-01-26,-2.827711033861129e-05,0.0,0.0
2012-01-27,0.0008972275220948149,0.0,0.0
2012-01-30,0.00011051092013980914,0.0,0.0
2012-01-31,-4.453589924307775e-05,0.0,0.0
2012-02-01,0.0014948692342143931,0.0,0.0
2012-02-02,0.0017075136139317465,0.0,0.0
2012-02-03,0.0016997526657710255,0.0,0.0
2012-02-06,0.000714188804427365,0.0,0.0
2012-02-07,-0.0021004969097417007,0.0,0.0
2012-02-08,-0.001433713721378491,0.0,0.0
2012-02-09,0.0013051929079751455,0.0,0.0
2012-02-10,-0.0010623734326580714,0.0,0.0
2012-02-13,-0.001954275566672046,0.0,0.0
2012-02-14,-0.00011369854627204261,0.0,0.0
2012-02-15,-0.0003107623938795853,0.0,0.0
2012-02-16,8.326155885729008e-05,0.0,0.0
2012-02-17,0.0030622174188794436,0.0,0.0
2012-02-21,-0.000938232927891062,0.0,0.0
2012-02-22,-0.0009454861837756568,-0.00014285714285714287,0.0
2012-02-23,0.0019839042698174317,0.002064655586073423,0.0
2012-02-24,-0.0014265756836822903,-0.001235756862644023,0.0
2012-02-27,0.0019862814944149525,0.0009443936997781852,0.0
2012-02-28,0.0016635199835197665,0.0010213648724234498,0.0
2012-02-29,0.002736513976641138,0.0013273883563038205,0.0
2012-03-01,-0.00044993125643978405,-0.0007638776544360707,0.0
2012-03-02,-0.00047985388160426016,-0.00026871940421939174,0.0
2012-03-05,0.001797226314148805,0.0007212533168574053,0.0
2012-03-06,-0.00011045634381015232,0.0018317265826546722,0.0
2012-03-07,0.0025519239736225374,0.0,0.0
2012-03-08,0.0013573190547234502,0.0,0.0
2012-03-09,-0.0009771765785610783,0.0,0.0
2012-03-12,0.0017319206434886628,0.0,0.0
2012-03-13,0.002625438846409239,0.0,0.0
2012-03-14,0.001196475005523307,0.0,0.0
2012-03-15,0.0003925664039381139,0.0,0.0
2012-03-16,0.0,0.0,0.0
2012-03-19,0.0,0.0,0.0
2012-03-20,0.0,0.0,0.0
2012-03-21,0.0,0.0,0.0
2012-03-22,0.0,0.0,0.0
2012-03-23,0.0,0.0,0.0
2012-03-26,0.0,0.0,0.0
2012-03-27,0.0,0.0,0.0
2012-03-28,-0.00014285714285714287,0.0,0.0
2012-03-29,0.0008587329822810014,0.0,0.0
2012-03-30,0.002063669246635726,0.0,0.0
2012-04-02,0.0005072848366008012,0.0,0.0
2012-04-03,0.001681901283237785,0.0,0.0
2012-04-04,0.0,0.0,0.0
2012-04-05,-0.00014285714285714284,0.0,0.0
2012-04-09,-0.00020314024462607383,0.0,0.0
2012-04-10,0.002174492226466312,0.0,0.0
2012-04-11,-0.0013659703366133197,0.0,0.0
2012-04-12,0.0013983926979529624,0.0,0.0
2012-04-13,-0.002553567642650877,0.0,0.0
2012-04-16,0.0007932360031752369,0.0,0.0
2012-04-17,-0.00339943851976957,0.0,0.0
2012-04-18,0.004443406306701673,-0.00014285714285714287,0.0
2012-04-19,-0.0014084838778477286,-0.0010277290536391012,0.0
2012-04-20,0.0011801080916832125,0.0010946134493384117,0.0
2012-04-23,0.0013719697972937994,-0.0017416758277743062,0.0
2012-04-24,-0.0001197626724161599,-0.00014677679386611045,0.0
2012-04-25,-6.550219245720409e-05,0.0005165918759366318,0.0
2012-04-26,-0.0022150457345569067,-0.0003083016319723161,0.0
2012-04-27,-0.0008907281495947162,-0.0007041599064136603,0.0
2012-04-30,0.0002567353065004017,0.001041715814470009,0.0
2012-05-01,8.594528821134742e-05,0.0004126566363656779,0.0
2012-05-02,-0.0049478859609685955,-0.0031261290050652478,0.0
2012-05-03,-0.0019481717755767483,-0.001181980021031057,0.0
2012-05-04,-0.0012305299428202413,-0.001545641326167292,0.0
2012-05-07,-0.002059765207402852,-5.518984811955976e-05,0.0
2012-05-08,0.0005442528434681613,-0.0012061931432405038,0.0
2012-05-09,-0.0014473876003393764,0.0006287377645791584,0.0
2012-05-10,0.004368883920122308,0.0030875499579426408,0.0
2012-05-11,0.00037366586782540845,0.00023631521577731482,0.0
2012-05-14,0.0027067235678905955,-0.0020084835586286474,0.0
2012-05-15,-0.007597555060708546,-4.417875228605144e-05,0.0
2012-05-16,-0.0005607239148500434,-0.002026470470536393,0.0
2012-05-17,0.0017427950786799904,-0.006975943850079473,0.0
2012-05-18,0.003337666408196619,0.000665525272366122,0.0
2012-05-21,0.003061783792445306,0.004914936298174052,0.0
2012-05-22,0.00022044968700960586,0.0021811998219635757,0.0
2012-05-23,-0.001032557256753347,0.0,0.0
2012-05-24,0.0017261097260631816,0.0,0.0
2012-05-25,0.0010308745649703782,0.0,0.0
2012-05-29,-0.001434674176376171,0.0,0.0
2012-05-30,-0.000542498958652338,0.0,0.0
2012-05-31,-0.007719512655603166,0.0,0.0
2012-06-01,0.002631045361255472,-0.00028571428571428574,0.0
2012-06-04,0.0022571426970891713,0.0016401289231159084,0.0
2012-06-05,0.00036101927902621063,0.0033430524046325566,0.0
2012-06-06,0.0007654728328098349,0.00515441017285473,0.0
2012-06-07,0.0004867119649697351,-3.414891739978745e-05,0.0
2012-06-08,0.0022187307945928728,0.0013064512005334615,0.0
2012-06-11,-0.00011653746067740955,0.0,0.0
2012-06-12,-0.0025905784018138006,0.0,0.0
2012-06-13,-0.000976775678244191,0.0,0.0
2012-06-14,-0.0041446633962581745,0.0,0.0
2012-06-15,0.00018907954010081697,0.0,0.0
2012-06-18,-0.00014291186007017867,0.0,0.0
2012-06-19,0.001747778478069603,0.0,0.0
2012-06-20,-0.0012355829182264524,0.0,0.0
2012-06-21,-0.0027119440326469706,0.0,0.0
2012-06-22,0.0006378320596437086,0.0,0.0
2012-06-25,-0.0018145887912145353,0.0,0.0
2012-06-26,-0.0023277992428471775,0.0,0.0
2012-06-27,0.004843536354747801,0.0,0.0
2012-06-28,0.000537636634236677,0.0,0.0
2012-06-29,-0.0007669456192322284,0.0,0.0
2012-07-02,0.0,0.0,0.0
2012-07-03,0.0,-0.0001,0.0
2012-07-05,-0.0004,-0.002654675954732675,0.0
2012-07-06,0.0013476398900378029,0.0014824558062546012,0.0
2012-07-09,-0.002002455941493204,-0.0015008748546400511,0.0
2012-07-10,-0.004247600479336821,-0.0021709854675124513,0.0
2012-07-11,0.00889928704621154,0.0042663310224510444,0.0
2012-07-12,-0.0036237044029834202,-0.00097630697070554,0.0
2012-07-13,-0.008509271837771856,-0.004941336746613453,0.0
2012-07-16,0.0026196200424576316,0.002456330725176808,0.0
2012-07-17,-0.021871179486517588,-0.013822317645497077,0.0
2012-07-18,-0.03430251156146778,-0.023820452914554643,0.0
2012-07-19,0.03191363250592856,0.022627577595214162,0.0
2012-07-20,0.025972700870848724,0.023287803940262985,0.0
2012-07-23,0.004755650246619203,0.005108658889321179,0.0
2012-07-24,0.007959320206374838,0.006814055915785476,0.0
2012-07-25,0.0012441941974565601,0.0004453475085840949,0.0
2012-07-26,-0.0026923772995155896,-0.003517507587281119,0.0
2012-07-27,-0.022214511393892113,-0.013521843282685792,0.0
2012-07-30,0.005924129650389128,0.004895958279336569,0.0
2012-07-31,0.011087288091281757,0.008706199282487042,0.0
2012-08-01,0.028996771238223733,0.016639311784539174,0.0
2012-08-02,-0.0031319555248551095,-0.0019973675530856653,0.0
2012-08-03,-0.014229443315016372,-0.005240142900785245,0.0
2012-08-06,0.004559152102806351,0.0012027186543574961,0.0
2012-08-07,-0.01391871760299899,-0.004032759818833042,0.0
2012-08-08,-0.0077705949893958045,-0.0020275579925852433,0.0
2012-08-09,-0.0010210367168744297,-7.556568703550794e-05,0.0
2012-08-10,-0.0003114923285708655,-0.00035164331567843354,0.0
2012-08-13,0.0034195883386033375,0.000766217809905836,0.0
2012-08-14,-0.004161387294096809,-0.0006635680354373271,0.0
2012-08-15,0.0005635651822309124,0.00014594217553567837,0.0
2012-08-16,-0.009212082304069507,-0.0022131122714832627,0.0
2012-08-17,-0.0008084290667159565,9.864612843336719e-05,0.0
2012-08-20,0.0038824629064021453,0.0008655859287036204,0.0
2012-08-21,0.0019742184948866315,0.00041151981775774374,0.0
2012-08-22,-0.004375849000335868,-0.0012750301520836557,0.0
2012-08-23,0.0019656055816450347,0.0002630626479124621,0.0
2012-08-24,-0.01610348010237226,-0.0036176178868714765,0.0
2012-08-27,-0.0035066150083346106,-0.0009322753178850022,0.0
2012-08-28,0.004551834375603393,0.0013865736619879982,0.0
2012-08-29,0.0015020869108183248,0.0007052998352373781,0.0
2012-08-30,0.0033149672278506752,0.0006495614986526679,0.0
2012-08-31,0.001180667862190521,0.0004683731322313609,0.0
2012-09-04,-0.01968659881463718,-0.003990071033756562,0.0
2012-09-05,0.0009948248654966566,0.00019082925801034573,0.0
2012-09-06,-0.021404461085149887,-0.0041519573714147275,0.0
2012-09-07,0.0044654884325457675,0.0012133747397998068,0.0
2012-09-10,0.006030579085325296,0.0018513179994722438,0.0
2012-09-11,0.00181860486590181,0.0008756434375676604,0.0
2012-09-12,0.007161011643729816,0.002313243707454264,0.0
2012-09-13,-0.01716752747436085,-0.004485681271353159,0.0
2012-09-14,-0.006555626368096351,-0.0019857245493797625,0.0
2012-09-17,-0.001447624093705634,-0.0006551697066570559,0.0
2012-09-18,0.026631432941902188,0.006709478393784753,0.0
2012-09-19,-0.019807842473561352,-0.003992014249560375,0.0
2012-09-20,0.008047568405154656,0.002176623681483968,0.0
2012-09-21,-0.028330454445574117,-0.006222910401248047,0.0
2012-09-24,0.005719204231034744,0.0006246063895609482,0.0
2012-09-25,-0.006021035282000721,-0.0021351183270864344,0.0
2012-09-26,-0.0035184710788539486,-0.000939329084240453,0.0
2012-09-27,-0.0038982516916048113,0.0003297714275193963,0.0
2012-09-28,-0.0051020854849828405,-0.0016733807859497737,0.0
2012-10-01,0.002405957394805488,0.0011768436356280588,0.0
2012-10-02,-0.020319631997494637,-0.004613066843583684,0.0
2012-10-03,-0.01100066957049655,-0.000972497448045514,0.0
2012-10-04,-0.02397297534624884,-0.005730180198066648,0.0
2012-10-05,-0.003798870733986108,-0.0013737725771571997,0.0
2012-10-08,-0.024487570031779853,-0.011405014656426255,0.0
2012-10-09,0.001217369215942165,-0.003866391823835101,0.0
2012-10-10,0.025883742096629712,0.01580609183074457,0.0
2012-10-11,0.004348022443094814,0.0067189400105156505,0.0
2012-10-12,-0.007627606458736469,-0.0030797513661422323,0.0
2012-10-15,-0.008321533534877103,-0.0005883652383081489,0.0
2012-10-16,-0.011533429097991247,-0.000246404787869845,0.0
2012-10-17,-0.005343123466129725,-0.0029819495404043335,0.0
2012-10-18,-0.00694130368835114,-0.006238057878834222,0.0
2012-10-19,0.0005041332278246907,-0.0040601365356518395,0.0
2012-10-22,0.00995758085159241,0.004120191281805944,0.0
2012-10-23,0.0017606708806112287,-0.0032930693108910746,0.0
2012-10-24,-0.0015992852667524198,-0.004160344185619032,0.0
2012-10-25,0.04149428241736685,0.019349510552509434,0.0
2012-10-26,0.021449164537174204,0.006959942709979364,0.0
2012-10-31,0.003256975163348279,0.003854655221939862,0.0
2012-11-01,-0.0001770164614609333,0.003452052937881609,0.0
2012-11-02,0.014195948431575484,6.345071136278383e-05,0.0
2012-11-05,0.0012869746905517197,0.0003366387608338937,0.0
2012-11-06,-0.0005455623988878792,-3.213633139894786e-05,0.0
2012-11-07,0.033719226710025446,0.0022536670761685606,0.0
2012-11-08,0.02000900564549176,0.000948787337219926,0.0
2012-11-09,0.0037869807052744453,-0.00018348584052406874,0.0
2012-11-12,0.005780092309378966,-0.00023104667782869763,0.0
2012-11-13,-0.004668963040409959,8.589962660682918e-05,0.0
2012-11-14,0.028892495524639628,-0.0037061346871145027,0.0
2012-11-15,-0.01566873629627514,0.002546085730677416,0.0
2012-11-16,-0.018307662200601534,0.0032994676807903667,0.0
2012-11-19,-0.007097228291847925,0.0014053816241409824,0.0
2012-11-20,-0.0025287652206275285,0.00010767848762346292,0.0
2012-11-21,0.00016303742909149166,-0.0002857749294686217,0.0
2012-11-23,-0.015436868445075696,0.0037079303295222458,0.0
2012-11-26,0.047055495241952454,-0.010824779399352396,0.0
2012-11-27,0.008217165566037894,-0.0022811612849487064,0.0
2012-11-28,-0.01041874943569417,0.002576755613464691,0.0
2012-11-29,0.021577160318977676,-0.007312751749074829,0.0
2012-11-30,-0.0002573193621496616,0.0003543787406165645,0.0
2012-12-03,0.007054526610197495,-0.0024121117137172157,0.0
2012-12-04,-0.015401292751506757,0.006362873074097738,0.0
2012-12-05,0.0004114784367364976,-2.553290230342077e-06,0.0
2012-12-06,-0.004851766464746129,0.0010605977265140695,0.0
2012-12-07,-0.005002436051808919,-1.0027695929075778e-06,0.0
2012-12-10,0.0050301119419279405,-0.0011114228828340274,0.0
2012-12-11,-0.0038117235629154408,0.00024770334728191676,0.0
2012-12-12,0.011972176763545027,-0.0034832673894321826,0.0
2012-12-13,0.010312124151195375,-0.0028103985840740343,0.0
2012-12-14,0.005802413783958852,-0.0036988153269970044,0.0
2012-12-17,-0.021724203102175578,0.007261404574385145,0.0
2012-12-18,-0.005470024695456678,0.0020933824138926354,0.0
2012-12-19,0.0046462001670441126,-0.0021373727454176115,0.0
2012-12-20,-0.0005371607740711588,0.00111284190263949,0.0
2012-12-21,0.011058484916797735,-0.003430873895861548,0.0
2012-12-24,0.00011146773946603716,0.0004665721377090392,0.0
2012-12-26,0.006465861116509678,-8.77195564658553e-05,0.0
2012-12-27,-0.011599598710734979,0.0024751844835824125,0.0
2012-12-28,0.007411322716593785,-0.0016502488713280854,0.0
2012-12-31,-0.020749810293698646,0.00387528567152993,0.0
2013-01-02,-0.0001,-0.0001,0.0
2013-01-03,0.0005002008702025594,0.0009156666102109722,0.0
2013-01-04,-0.00021968242559658452,0.000563767805700145,0.0
2013-01-07,-0.0008560564668082206,-0.0005573113650510272,0.0
2013-01-08,0.0005783225240226771,0.0007723963593301649,0.0
2013-01-09,-0.0009249526191747771,-0.0003595765600647589,0.0
2013-01-10,0.0002755407447037333,-0.0004337763835828491,0.0
2013-01-11,-0.0006858280653248896,-0.0007276548562102457,0.0
2013-01-14,0.0006846109632649398,-0.0006777339075163796,0.0
2013-01-15,-0.0010431717693590943,-0.0007177316429266064,0.0
2013-01-16,9.986890242272067e-05,-0.0002687519253717634,0.0
2013-01-17,-0.002639081620141718,-0.0011777347392762248,0.0
2013-01-18,-0.0014060440749950286,-0.0006488511617352333,0.0
2013-01-22,-0.0005440322006722455,0.0002595974665941977,0.0
2013-01-23,0.0052290982919184084,0.004666651748759221,0.0
2013-01-24,-0.0024844648983379488,-7.763504247115092e-05,0.0
2013-01-25,0.0018917293349890968,0.00020945763030098715,0.0
2013-01-28,-0.0027014799115691697,-0.0033311083364760226,0.0
2013-01-29,0.001856802923529351,0.002277855827110726,0.0
2013-01-30,0.005465780235115592,0.002281798489539224,0.0
2013-01-31,0.005777501501639261,0.004953905480233109,0.0
2013-02-01,-0.0031849295449130456,-0.00098025158947317,0.0
2013-02-04,0.001931980621931765,0.0021280128510621546,0.0
2013-02-05,-0.009229958982389397,-0.00267431365708294,0.0
2013-02-06,0.00130087970344162,0.00046858621385535373,0.0
2013-02-07,0.005084691567732015,0.0005924770638592174,0.0
2013-02-08,0.004471843271273455,0.0007405283492540932,0.0
2013-02-11,0.001979572725834413,0.0021361106841688406,0.0
2013-02-12,-0.0005306627094131872,-0.000393028465215916,0.0
2013-02-13,0.0016663676342070955,2.298872197745651e-05,0.0
2013-02-14,0.002670284984430649,0.0022694283336571718,0.0
2013-02-15,-0.0007193620856643633,-0.002668898287267265,0.0
2013-02-19,-6.88516715749315e-05,-0.0016109405213175936,0.0
2013-02-20,0.0017474953422993988,0.0018604561623192495,0.0
2013-02-21,0.00018198849539411837,-0.000553429865939651,0.0
2013-02-22,-0.0038580773207379385,-0.0011640251326158694,0.0
2013-02-25,0.0026424845875447204,0.0006237315061179162,0.0
2013-02-26,-0.002217839643531373,-0.0007048597017233706,0.0
2013-02-27,-0.0006930303276477862,-0.0017347818283599415,0.0
2013-02-28,-0.002055559588535683,-0.0007675161326076024,0.0
2013-03-01,-0.001995209013289994,-0.0021398369887204254,0.0
2013-03-04,-0.00638700097373764,-0.005245226012634871,0.0
2013-03-05,-0.011478808409669927,-0.011007525986991668,0.0
2013-03-06,-0.0008832792471111701,-0.0003800183055480181,0.0
2013-03-07,0.0005669062020916626,0.0004399713299392856,0.0
2013-03-08,0.001638287828574792,0.0024460410403104454,0.0
2013-03-11,0.01063584302244439,0.010146511953666542,0.0
2013-03-12,0.002198153820496553,0.0017962371967956713,0.0
2013-03-13,0.0015763536356832996,0.0009486993225311056,0.0
2013-03-14,0.00010805089678235791,0.0010320574526544999,0.0
2013-03-15,0.005577412605649459,0.004188084083549701,0.0
2013-03-18,0.0006096595832617467,-0.00044574785334702794,0.0
2013-03-19,0.0016388661772396222,0.0015450900692835275,0.0
2013-03-20,-0.0013493152533315934,0.0014390127162500147,0.0
2013-03-21,-0.0022619645696502605,-0.0015340331410703633,0.0
2013-03-22,-0.0012697696674044395,-0.0008451609301728301,0.0
2013-03-25,0.0055024267130642165,0.002655420202815624,0.0
2013-03-26,-0.005631881797836466,-0.003317346293943567,0.0
2013-03-27,0.0018342200828636245,0.0018337887030948521,0.0
2013-03-28,0.0017951437333750425,0.000581151016098941,0.0
2013-04-01,0.004509559793866664,0.001248499867438717,0.0
2013-04-02,0.0003258856099492569,-0.0008190994239260403,0.0
2013-04-03,0.004061756332914757,0.0024958930272512116,0.0
2013-04-04,-0.0009526995109625699,-0.00031959852362788507,0.0
2013-04-05,0.001054939923885443,0.000876720350835299,0.0
2013-04-08,0.004482182911132439,0.0013829207252440932,0.0
2013-04-09,0.0011937293392748072,0.00026459087008057864,0.0
2013-04-10,-0.003102996512542513,-0.00028572961089022076,0.0
2013-04-11,-2.63801043017136e-05,0.00034012641604514094,0.0
2013-04-12,0.003402133171602438,7.556114360875555e-05,0.0
2013-04-15,0.005727244460947678,2.4408452275796137e-05,0.0
2013-04-16,-0.005951099956125282,-9.276575821100365e-05,0.0
2013-04-17,0.005750960610508196,0.001044660977638703,0.0
2013-04-18,0.001124544098489669,0.0,0.0
2013-04-19,-0.000939494997324955,0.0,0.0
2013-04-22,-9.472757597819735e-05,0.0,0.0
2013-04-23,-0.00384318710742112,0.0,0.0
2013-04-24,-0.0008035090270731074,0.0,0.0
2013-04-25,0.026540316390798825,-0.0007,0.0
2013-04-26,0.0038168635961868583,0.022954476943874043,0.0
2013-04-29,0.001550256278108709,0.01431989293565879,0.0
2013-04-30,-0.003654776110519113,-0.0114133246778934,0.0
2013-05-01,0.0025313734954031004,0.003620931802097524,0.0
2013-05-02,-0.00014910421262529817,0.0013122254585256103,0.0
2013-05-03,-0.000558055240116401,0.0010733446639839843,0.0
2013-05-06,-0.001204690497580651,0.0034752144780176414,0.0
2013-05-07,-0.001772118287074819,-0.0015374874838489628,0.0
2013-05-08,-0.0009387503702551377,-0.0006652867197657934,0.0
2013-05-09,-0.004560298083908727,-0.01064405755450154,0.0
2013-05-10,0.005410619225700226,0.008052985742519085,0.0
2013-05-13,-0.0055178916471430375,-0.008150187224358781,0.0
2013-05-14,-0.0014003301953562227,0.0018656062500506418,0.0
2013-05-15,0.004594843735355377,0.010978020271110958,0.0
2013-05-16,-0.0029519931056407275,-0.0024459191249837915,0.0
2013-05-17,0.0020979080194179277,0.0009966513480351175,0.0
2013-05-20,-0.0028951818026075144,-0.000954019227974295,0.0
2013-05-21,-0.007095879868854386,-0.0019129337540616839,0.0
2013-05-22,0.0063060170034719,0.0016794051701271705,0.0
2013-05-23,-0.0004633937161792539,-0.00010864078451146659,0.0
2013-05-24,-0.006498092806144028,0.00024409204420461936,0.0
2013-05-28,0.004563087140712395,0.002007056172519132,0.0
2013-05-29,0.001574474754793366,-0.0012584145156189085,0.0
2013-05-30,0.0006152937158974645,-8.955449749979538e-05,0.0
2013-05-31,-0.00021525239506497187,0.000283568804937442,0.0
2013-06-03,-0.004010186584185249,-0.0005995426980220789,0.0
2013-06-04,0.0014326613659084888,-0.0005409112952525095,0.0
2013-06-05,0.0016960118237536379,-0.001819085137238349,0.0
2013-06-06,0.0014811241908112972,0.003833372348734205,0.0
2013-06-07,0.004367108104134799,0.005276546157719628,0.0
2013-06-10,-0.0035242710871135827,-0.001054801179499729,0.0
2013-06-11,-0.003067402739327766,-0.0032025914455215713,0.0
2013-06-12,0.002876397457783927,-0.000656772607388114,0.0
2013-06-13,-0.0018018845649563895,0.002240253319362291,0.0
2013-06-14,-0.00022958117695136526,-0.0021177720794593917,0.0
2013-06-17,0.0008254302301323108,0.0016384293137509305,0.0
2013-06-18,0.0028330689846498254,0.00320076057229058,0.0
2013-06-19,0.0011854393150060182,-0.0008107324097251303,0.0
2013-06-20,0.0006904988031271352,-0.0007261061775250213,0.0
2013-06-21,-0.0016612678034839796,-6.0892188170692636e-05,0.0
2013-06-24,0.0009770322400516512,-0.0006563093443259228,0.0
2013-06-25,0.0007420866010605459,0.002833709278205005,0.0
2013-06-26,0.002322506975149137,0.0004189208898752019,0.0
2013-06-27,0.0035410969929151334,-0.0016168490957389411,0.0
2013-06-28,0.0004725527005172641,-0.0015042465132872804,0.0
2013-07-01,0.0,0.0,0.0
2013-07-02,0.0,0.0,0.0
2013-07-03,0.0,0.0,0.0
2013-07-05,0.0,0.0,0.0
2013-07-08,0.0,0.0,0.0
2013-07-09,0.0,0.0,0.0
2013-07-10,0.0,0.0,0.0
2013-07-11,0.0,0.0,0.0
2013-07-12,0.0,0.0,0.0
2013-07-15,0.0,0.0,0.0
2013-07-16,0.0,0.0,0.0
2013-07-17,0.0,0.0,0.0
2013-07-18,0.0,0.0,0.0
2013-07-19,0.0,0.0,0.0
2013-07-22,0.0,0.0,0.0
2013-07-23,0.0,0.0,0.0
2013-07-24,0.0,0.0,0.0
2013-07-25,0.0,0.0,0.0
2013-07-26,0.0,0.0,0.0
2013-07-29,0.0,0.0,0.0
2013-07-30,0.0,0.0,0.0
2013-07-31,0.0,0.0,0.0
2013-08-01,0.0,0.0,0.0
2013-08-02,0.0,0.0,0.0
2013-08-05,0.0,0.0,0.0
2013-08-06,0.0,0.0,0.0
2013-08-07,0.0,0.0,0.0
2013-08-08,0.0,0.0,0.0
2013-08-09,0.0,0.0,0.0
2013-08-12,0.0,0.0,0.0
2013-08-13,0.0,0.0,0.0
2013-08-14,0.0,0.0,0.0
2013-08-15,0.0,0.0,0.0
2013-08-16,0.0,0.0,0.0
2013-08-19,0.0,0.0,0.0
2013-08-20,0.0,0.0,0.0
2013-08-21,0.0,0.0,0.0
2013-08-22,0.0,0.0,0.0
2013-08-23,0.0,0.0,0.0
2013-08-26,0.0,0.0,0.0
2013-08-27,0.0,0.0,0.0
2013-08-28,0.0,0.0,0.0
2013-08-29,0.0,0.0,0.0
2013-08-30,0.0,0.0,0.0
2013-09-03,0.0,0.0,0.0
2013-09-04,0.0,0.0,0.0
2013-09-05,0.0,0.0,0.0
2013-09-06,0.0,0.0,0.0
2013-09-09,0.0,0.0,0.0
2013-09-10,0.0,0.0,0.0
2013-09-11,0.0,0.0,0.0
2013-09-12,0.0,0.0,0.0
2013-09-13,0.0,0.0,0.0
2013-09-16,0.0,0.0,0.0
2013-09-17,0.0,0.0,0.0
2013-09-18,0.0,0.0,0.0
2013-09-19,0.0,0.0,0.0
2013-09-20,0.0,0.0,0.0
2013-09-23,0.0,0.0,0.0
2013-09-24,0.0,0.0,0.0
2013-09-25,0.0,0.0,0.0
2013-09-26,0.0,0.0,0.0
2013-09-27,0.0,0.0,0.0
2013-09-30,0.0,0.0,0.0
2013-10-01,0.0,0.0,0.0
2013-10-02,0.0,0.0,0.0
2013-10-03,0.0,0.0,0.0
2013-10-04,0.0,0.0,0.0
2013-10-07,0.0,0.0,0.0
2013-10-08,0.0,0.0,0.0
2013-10-09,0.0,0.0,0.0
2013-10-10,0.0,0.0,0.0
2013-10-11,0.0,0.0,0.0
2013-10-14,0.0,0.0,0.0
2013-10-15,0.0,0.0,0.0
2013-10-16,0.0,0.0,0.0
2013-10-17,0.0,0.0,0.0
2013-10-18,0.0,0.0,0.0
2013-10-21,0.0,0.0,0.0
2013-10-22,0.0,0.0,0.0
2013-10-23,0.0,0.0,0.0
2013-10-24,0.0,0.0,0.0
2013-10-25,0.0,0.0,0.0
2013-10-28,0.0,0.0,0.0
2013-10-29,0.0,0.0,0.0
2013-10-30,0.0,0.0,0.0
2013-10-31,0.0,0.0,0.0
2013-11-01,0.0,0.0,0.0
2013-11-04,0.0,0.0,0.0
2013-11-05,0.0,0.0,0.0
2013-11-06,0.0,0.0,0.0
2013-11-07,0.0,0.0,0.0
2013-11-08,0.0,0.0,0.0
2013-11-11,0.0,0.0,0.0
2013-11-12,0.0,0.0,0.0
2013-11-13,0.0,0.0,0.0
2013-11-14,0.0,0.0,0.0
2013-11-15,0.0,0.0,0.0
2013-11-18,0.0,0.0,0.0
2013-11-19,0.0,0.0,0.0
2013-11-20,0.0,0.0,0.0
2013-11-21,0.0,0.0,0.0
2013-11-22,0.0,0.0,0.0
2013-11-25,0.0,0.0,0.0
2013-11-26,0.0,0.0,0.0
2013-11-27,0.0,0.0,0.0
2013-11-29,0.0,0.0,0.0
2013-12-02,0.0,0.0,0.0
2013-12-03,0.0,0.0,0.0
2013-12-04,0.0,0.0,0.0
2013-12-05,0.0,0.0,0.0
2013-12-06,0.0,0.0,0.0
2013-12-09,0.0,0.0,0.0
2013-12-10,0.0,0.0,0.0
2013-12-11,0.0,0.0,0.0
2013-12-12,0.0,0.0,0.0
2013-12-13,0.0,0.0,0.0
2013-12-16,0.0,0.0,0.0
2013-12-17,0.0,0.0,0.0
2013-12-18,0.0,0.0,0.0
2013-12-19,0.0,0.0,0.0
2013-12-20,0.0,0.0,0.0
2013-12-23,0.0,0.0,0.0
2013-12-24,0.0,0.0,0.0
2013-12-26,0.0,0.0,0.0
2013-12-27,0.0,0.0,0.0
2013-12-30,0.0,0.0,0.0
2013-12-31,0.0,0.0,0.0
2014-01-02,0.0,0.0,0.0
2014-01-03,0.0,0.0,0.0
2014-01-06,0.0,0.0,0.0
2014-01-07,0.0,0.0,0.0
2014-01-08,0.0,0.0,0.0
2014-01-09,0.0,0.0,0.0
2014-01-10,0.0,0.0,0.0
2014-01-13,0.0,0.0,0.0
2014-01-14,0.0,0.0,0.0
2014-01-15,0.0,0.0,0.0
2014-01-16,0.0,0.0,0.0
2014-01-17,0.0,0.0,0.0
2014-01-21,0.0,0.0,0.0
2014-01-22,0.0,0.0,0.0
2014-01-23,0.0,0.0,0.0
2014-01-24,0.0,0.0,0.0
2014-01-27,0.0,0.0,0.0
2014-01-28,0.0,0.0,0.0
2014-01-29,0.0,0.0,0.0
2014-01-30,0.0,0.0,0.0
2014-01-31,0.0,0.0,0.0
2014-02-03,0.0,0.0,0.0
2014-02-04,0.0,0.0,0.0
2014-02-05,0.0,0.0,0.0
2014-02-06,0.0,0.0,0.0
2014-02-07,0.0,0.0,0.0
2014-02-10,0.0,0.0,0.0
2014-02-11,0.0,0.0,0.0
2014-02-12,0.0,0.0,0.0
2014-02-13,0.0,0.0,0.0
2014-02-14,0.0,0.0,0.0
2014-02-18,0.0,0.0,0.0
2014-02-19,0.0,0.0,0.0
2014-02-20,0.0,0.0,0.0
2014-02-21,0.0,0.0,0.0
2014-02-24,0.0,0.0,0.0
2014-02-25,0.0,0.0,0.0
2014-02-26,0.0,0.0,0.0
2014-02-27,0.0,0.0,0.0
2014-02-28,0.0,0.0,0.0
2014-03-03,0.0,0.0,0.0
2014-03-04,0.0,0.0,0.0
2014-03-05,0.0,0.0,0.0
2014-03-06,0.0,0.0,0.0
2014-03-07,0.0,0.0,0.0
2014-03-10,0.0,0.0,0.0
2014-03-11,0.0,0.0,0.0
2014-03-12,0.0,0.0,0.0
2014-03-13,0.0,0.0,0.0
2014-03-14,0.0,0.0,0.0
2014-03-17,0.0,0.0,0.0
2014-03-18,0.0,0.0,0.0
2014-03-19,0.0,0.0,0.0
2014-03-20,0.0,0.0,0.0
2014-03-21,0.0,0.0,0.0
2014-03-24,0.0,0.0,0.0
2014-03-25,0.0,0.0,0.0
2014-03-26,0.0,0.0,0.0
2014-03-27,0.0,0.0,0.0
2014-03-28,0.0,0.0,0.0
2014-03-31,0.0,0.0,0.0
2014-04-01,0.0,0.0,0.0
2014-04-02,0.0,0.0,0.0
2014-04-03,0.0,0.0,0.0
2014-04-04,0.0,0.0,0.0
2014-04-07,0.0,0.0,0.0
2014-04-08,0.0,0.0,0.0
2014-04-09,0.0,0.0,0.0
2014-04-10,0.0,0.0,0.0
2014-04-11,0.0,0.0,0.0
2014-04-14,0.0,0.0,0.0
2014-04-15,0.0,0.0,0.0
2014-04-16,0.0,0.0,0.0
2014-04-17,0.0,0.0,0.0
2014-04-21,0.0,0.0,0.0
2014-04-22,0.0,0.0,0.0
2014-04-23,0.0,0.0,0.0
2014-04-24,0.0,0.0,0.0
2014-04-25,0.0,0.0,0.0
2014-04-28,0.0,0.0,0.0
2014-04-29,0.0,0.0,0.0
2014-04-30,0.0,0.0,0.0
2014-05-01,0.0,0.0,0.0
2014-05-02,0.0,0.0,0.0
2014-05-05,0.0,0.0,0.0
2014-05-06,0.0,0.0,0.0
2014-05-07,0.0,0.0,0.0
2014-05-08,0.0,0.0,0.0
2014-05-09,0.0,0.0,0.0
2014-05-12,0.0,0.0,0.0
2014-05-13,0.0,0.0,0.0
2014-05-14,0.0,0.0,0.0
2014-05-15,0.0,0.0,0.0
2014-05-16,0.0,0.0,0.0
2014-05-19,0.0,0.0,0.0
2014-05-20,0.0,0.0,0.0
2014-05-21,0.0,0.0,0.0
2014-05-22,0.0,0.0,0.0
2014-05-23,0.0,0.0,0.0
2014-05-27,0.0,0.0,0.0
2014-05-28,0.0,0.0,0.0
2014-05-29,0.0,0.0,0.0
2014-05-30,0.0,0.0,0.0
2014-06-02,0.0,0.0,0.0
2014-06-03,0.0,0.0,0.0
2014-06-04,0.0,0.0,0.0
2014-06-05,0.0,0.0,0.0
2014-06-06,0.0,0.0,0.0
2014-06-09,0.0,0.0,0.0
2014-06-10,0.0,0.0,0.0
2014-06-11,0.0,0.0,0.0
2014-06-12,0.0,0.0,0.0
2014-06-13,0.0,0.0,0.0
2014-06-16,0.0,0.0,0.0
2014-06-17,0.0,0.0,0.0
2014-06-18,0.0,0.0,0.0
2014-06-19,0.0,0.0,0.0
2014-06-20,0.0,0.0,0.0
2014-06-23,0.0,0.0,0.0
2014-06-24,0.0,0.0,0.0
2014-06-25,0.0,0.0,0.0
2014-06-26,0.0,0.0,0.0
2014-06-27,0.0,0.0,0.0
2014-06-30,0.0,0.0,0.0
2014-07-01,0.0,0.0,0.0
2014-07-02,0.0,0.0,0.0
2014-07-03,0.0,0.0,0.0
2014-07-07,0.0,0.0,0.0
2014-07-08,0.0,0.0,0.0
2014-07-09,0.0,0.0,0.0
2014-07-10,0.0,0.0,0.0
2014-07-11,0.0,0.0,0.0
2014-07-14,0.0,0.0,0.0
2014-07-15,0.0,0.0,0.0
2014-07-16,0.0,0.0,0.0
2014-07-17,0.0,0.0,0.0
2014-07-18,0.0,0.0,0.0
2014-07-21,0.0,0.0,0.0
2014-07-22,0.0,0.0,0.0
2014-07-23,0.0,0.0,0.0
2014-07-24,0.0,0.0,0.0
2014-07-25,0.0,0.0,0.0
2014-07-28,0.0,0.0,0.0
2014-07-29,0.0,0.0,0.0
2014-07-30,0.0,0.0,0.0
2014-07-31,0.0,0.0,0.0
2014-08-01,0.0,0.0,0.0
2014-08-04,0.0,0.0,0.0
2014-08-05,0.0,0.0,0.0
2014-08-06,0.0,0.0,0.0
2014-08-07,0.0,0.0,0.0
2014-08-08,0.0,0.0,0.0
2014-08-11,0.0,0.0,0.0
2014-08-12,0.0,0.0,0.0
2014-08-13,0.0,0.0,0.0
2014-08-14,0.0,0.0,0.0
2014-08-15,0.0,0.0,0.0
2014-08-18,0.0,0.0,0.0
2014-08-19,0.0,0.0,0.0
2014-08-20,0.0,0.0,0.0
2014-08-21,0.0,0.0,0.0
2014-08-22,0.0,0.0,0.0
2014-08-25,0.0,0.0,0.0
2014-08-26,0.0,0.0,0.0
2014-08-27,0.0,0.0,0.0
2014-08-28,0.0,0.0,0.0
2014-08-29,0.0,0.0,0.0
2014-09-02,0.0,0.0,0.0
2014-09-03,0.0,0.0,0.0
2014-09-04,0.0,0.0,0.0
2014-09-05,0.0,0.0,0.0
2014-09-08,0.0,0.0,0.0
2014-09-09,0.0,0.0,0.0
2014-09-10,0.0,0.0,0.0
2014-09-11,0.0,0.0,0.0
2014-09-12,0.0,0.0,0.0
2014-09-15,0.0,0.0,0.0
2014-09-16,0.0,0.0,0.0
2014-09-17,0.0,0.0,0.0
2014-09-18,0.0,0.0,0.0
2014-09-19,0.0,0.0,0.0
2014-09-22,0.0,0.0,0.0
2014-09-23,0.0,0.0,0.0
2014-09-24,0.0,0.0,0.0
2014-09-25,0.0,0.0,0.0
2014-09-26,0.0,0.0,0.0
2014-09-29,0.0,0.0,0.0
2014-09-30,0.0,0.0,0.0
2014-10-01,0.0,0.0,0.0
2014-10-02,0.0,0.0,0.0
2014-10-03,0.0,0.0,0.0
2014-10-06,0.0,0.0,0.0
2014-10-07,0.0,0.0,0.0
2014-10-08,0.0,0.0,0.0
2014-10-09,0.0,0.0,0.0
2014-10-10,0.0,0.0,0.0
2014-10-13,0.0,0.0,0.0
2014-10-14,0.0,0.0,0.0
2014-10-15,0.0,0.0,0.0
2014-10-16,0.0,0.0,0.0
2014-10-17,0.0,0.0,0.0
2014-10-20,0.0,0.0,0.0
2014-10-21,0.0,0.0,0.0
2014-10-22,0.0,0.0,0.0
2014-10-23,0.0,0.0,0.0
2014-10-24,0.0,0.0,0.0
2014-10-27,0.0,0.0,0.0
2014-10-28,0.0,0.0,0.0
2014-10-29,0.0,0.0,0.0
2014-10-30,0.0,0.0,0.0
2014-10-31,0.0,0.0,0.0
2014-11-03,0.0,0.0,0.0
2014-11-04,0.0,0.0,0.0
2014-11-05,0.0,0.0,0.0
2014-11-06,0.0,0.0,0.0
2014-11-07,0.0,0.0,0.0
2014-11-10,0.0,0.0,0.0
2014-11-11,0.0,0.0,0.0
2014-11-12,0.0,0.0,0.0
2014-11-13,0.0,0.0,0.0
2014-11-14,0.0,0.0,0.0
2014-11-17,0.0,0.0,0.0
2014-11-18,0.0,0.0,0.0
2014-11-19,0.0,0.0,0.0
2014-11-20,0.0,0.0,0.0
2014-11-21,0.0,0.0,0.0
2014-11-24,0.0,0.0,0.0
2014-11-25,0.0,0.0,0.0
2014-11-26,0.0,0.0,0.0
2014-11-28,0.0,0.0,0.0
2014-12-01,0.0,0.0,0.0
2014-12-02,0.0,0.0,0.0
2014-12-03,0.0,0.0,0.0
2014-12-04,0.0,0.0,0.0
2014-12-05,0.0,0.0,0.0
2014-12-08,0.0,0.0,0.0
2014-12-09,0.0,0.0,0.0
2014-12-10,0.0,0.0,0.0
2014-12-11,0.0,0.0,0.0
2014-12-12,0.0,0.0,0.0
2014-12-15,0.0,0.0,0.0
2014-12-16,0.0,0.0,0.0
2014-12-17,0.0,0.0,0.0
2014-12-18,0.0,0.0,0.0
2014-12-19,0.0,0.0,0.0
2014-12-22,0.0,0.0,0.0
2014-12-23,0.0,0.0,0.0
2014-12-24,0.0,0.0,0.0
2014-12-26,0.0,0.0,0.0
2014-12-29,0.0,0.0,0.0
2014-12-30,0.0,0.0,0.0
2014-12-31,0.0,0.0,0.0
2015-01-02,0.0,0.0,-0.00015000000000000001
2015-01-05,-0.0001,-0.0002,-0.0022447490386654405
2015-01-06,-0.0004158009996900906,-0.0006586580568723822,-0.00041562852047317636
2015-01-07,-0.0005609835986861318,-0.00042293355667832693,-0.0009049235481628474
2015-01-08,-0.0011225078985792186,0.0013021727675185258,-0.002290880066382655
2015-01-09,-0.00038112624712319487,-0.0026596997284013485,0.0006654781387182851
2015-01-12,-0.00047049545417142646,-0.0017405143791479072,0.00023194676440541653
2015-01-13,2.2310228307202782e-07,0.0008085716576379656,4.8416366989758134e-05
2015-01-14,-0.004405758784473029,-0.005254542522108054,-0.0013932465919902406
2015-01-15,-0.002872586216235723,-0.002739671684847425,-0.00012744292257888226
2015-01-16,0.0008174637859870504,0.00046621244300053494,-0.002101344871908605
2015-01-20,5.29525307290569e-05,0.0005426488149752818,-0.0015631714582972703
2015-01-21,0.0007788405885379671,0.0008586297133679161,0.0008499577230923147
2015-01-22,0.005240850038173606,0.0035685779045592134,-0.00041445435638100346
2015-01-23,-0.004111269682980184,-0.004392864739387325,0.00037477756895578626
2015-01-26,3.0777567547369256e-05,-0.0007592797809105909,-0.0003849247466671951
2015-01-27,-0.001539926448046735,-0.0008872608557649998,0.00023436176878253995
2015-01-28,-0.005722068947799629,-0.0028658306296223657,-7.372192703009031e-05
2015-01-29,-0.0032428313054925382,-0.0014689008378409286,-0.0011613240135248237
2015-01-30,-0.003859156490256699,-0.0016607552557858201,0.0014575383336421644
2015-02-02,0.006858819167088114,0.0024705400838826237,0.0003572977483942179
2015-02-03,0.01074869517339375,0.005121045086000157,0.0012618105326366181
2015-02-04,-0.001354173348886096,0.0010931588472919607,-0.000769993628576429
2015-02-05,0.003023299331522132,3.261582420454115e-06,0.0005288713697197496
2015-02-06,0.0003369988530611755,-0.0004972081853414068,0.00022963994543870282
2015-02-09,0.002216137288317258,0.0027535974657098288,0.0009440152101175065
2015-02-10,0.0016099098536932004,-0.0007784003212103534,-0.0008642210905386073
2015-02-11,-0.0016478546856442983,-0.0015097154037867003,-0.0004851557724238851
2015-02-12,0.0016672784748808817,8.018816891233193e-05,0.0007458426345316945
2015-02-13,0.0014181091583937665,-0.0030123145025216457,0.001036119607307285
2015-02-17,0.0001117909015657358,-0.0010499013005678573,-0.0006208337151342123
2015-02-18,-0.0002859773495613712,-0.0006439363876782969,-0.00041411337368841276
2015-02-19,-0.0021348278090923883,-0.0004733553181477565,-0.0010332179926684113
2015-02-20,0.0013725334366784725,-0.00026005056854558925,-0.00042100885208282764
2015-02-23,0.0003496666916840417,-0.0003917331135329166,0.00038825021863620596
2015-02-24,-0.0006959412416281202,-7.218929532333764e-05,-0.0007824136638763428
2015-02-25,0.0018287286846537763,0.0008814320860684205,0.0017445081305414814
2015-02-26,-0.0027824023520497776,-0.001551966991779647,-0.0008195003520541066
2015-02-27,0.0008131785298402543,0.001313598354586984,0.0011097755102999016
2015-03-02,-0.0005013282324218017,-0.001489628009985097,-0.0006819702148221961
2015-03-03,0.0004822779664890018,0.0012141390991685548,9.61240078148481e-05
2015-03-04,0.0006793356335489234,0.0009332062695490498,0.00026066806115696993
2015-03-05,-0.0011351856308459464,-0.0018107210202742072,0.0010456093189926275
2015-03-06,0.0029303432364813455,0.002528881512435068,0.0015183639825224519
2015-03-09,-0.0038555475211635055,-0.0037585374788744893,-0.002622850463011879
2015-03-10,0.0004905705821118264,5.696916539462213e-06,0.00010355527067249411
2015-03-11,-0.0009885939193702523,2.0090332288283358e-05,-0.0011875863269671361
2015-03-12,0.00295130723806128,-0.0002689906557115446,-0.001162833073662848
2015-03-13,-0.0004921180511319514,0.00030272478010127826,0.0006561170700307687
2015-03-16,0.0013815717074819943,0.00035115528584138265,-0.0003553747308506697
2015-03-17,0.0020365532906535325,0.002088746509338176,0.0004938416942508522
2015-03-18,-0.0006400885016425245,8.125589037422127e-05,-0.0002926915927264345
2015-03-19,0.0007239225686858985,0.0010070498559801475,-0.0003651307598050606
2015-03-20,-0.0012868010596913373,-0.001927391601004569,-0.0014370904790189237
2015-03-23,0.0020992875967692027,0.0023456591476379847,0.0013608461894124631
2015-03-24,-0.002991588891310022,-0.0011396128715900288,-0.0005361212457981134
2015-03-25,-0.00033546508796208257,0.0013229691360417267,0.0015744798105558626
2015-03-26,9.053412345267457e-05,0.001045800540908901,0.0005252137520320394
2015-03-27,0.00028093576409497594,-0.00021805376314713664,0.0003271661078424288
2015-03-30,0.0004760996239186816,0.0017946634831435993,-0.000985646408451246
2015-03-31,0.000289607358080433,0.0010531150653767924,0.0006691469123340042
2015-04-01,-0.0019630369329939803,-0.00031954482861605273,0.0004480960194088998
2015-04-02,0.0005082255592256499,0.00044328659399949313,-6.365773627008535e-05
2015-04-06,-0.0012488257466853703,0.00013076747070129685,-0.0006899657364564805
2015-04-07,0.0006441863645188131,-0.000512436894301586,0.0007234359416906761
2015-04-08,0.0013799434443987047,0.0009027247003725954,-0.0012112362814446305
2015-04-09,-0.0003967066263050463,0.0008917516518271957,-0.00038566282490296093
2015-04-10,-0.0003074816993017886,0.00040933720860387567,-0.0009089338964234936
2015-04-13,0.0007254993215611758,0.00011267421020673399,0.0008833314191970219
2015-04-14,0.0027367887270914634,0.0004982246533292468,0.0016699549762493853
2015-04-15,0.0009777832791963877,0.0006784450339175227,-0.00040857367821807563
2015-04-16,0.00020323459290110015,-0.0004431315144176353,-0.0007316650399187955
2015-04-17,0.0012454348066228726,-0.00025101563535084165,0.00022070586198636902
2015-04-20,0.001057696166762919,0.00010974190237889453,-0.00042635599600537573
2015-04-21,-0.0001770225198571579,-0.00011468186486509348,-0.0013403706916852456
2015-04-22,0.0020362085519236234,-0.0004287742473572778,0.0006967451311050233
2015-04-23,-0.00062797516824724,-0.0002605541277385134,0.0003762966222586711
2015-04-24,-0.0001763445611039032,-0.0008639881188637099,-0.00032424072192923563
2015-04-27,-0.001862707667803751,0.001248329223252106,-0.0002813085841753785
2015-04-28,-7.37166887519665e-05,-0.0006371897690932957,-0.00023078387686365325
2015-04-29,0.0006408334419576079,-0.00018082282680720953,0.0007553210096850542
2015-04-30,-0.0003487397658189974,-0.00012622343176174922,-0.00013108474640005798
2015-05-01,0.0007508544101089785,0.0005146889955207157,-0.00022151773686291358
2015-05-04,-0.000896166681495104,0.00020802515585797562,-1.0536888898358151e-05
2015-05-05,0.000765639663503059,-0.00011933837985604944,0.000859674805362719
2015-05-06,0.0005989719243550907,-0.0005894443395169329,0.0007211212072518894
2015-05-07,0.0003166635072021964,-0.00042268029570990154,-0.0006666315570496791
2015-05-08,-0.0001490279854479405,-6.732659237741574e-05,-0.0005368117925265315
2015-05-11,-0.0005579364339801193,-0.00018399267934204405,-0.0010550466555465218
2015-05-12,0.0010902806260109257,-9.517023452860502e-05,0.0012927460759121164
2015-05-13,-0.0016000591416794104,0.0007055857967856267,-7.288052902242644e-05
2015-05-14,-0.0011673469262317242,0.0005051346297711664,-0.0006649399795951246
2015-05-15,-0.0008632585195785922,0.00027415593943200804,-0.0006634397271888193
2015-05-18,0.0006322990751290025,1.1969231679048086e-05,-0.0003011623400484123
2015-05-19,-0.0001373445735717308,4.799021304684489e-05,0.0008437806586056699
2015-05-20,-0.0015654569836460568,0.0004614052406786796,0.0012837522681432862
2015-05-21,0.0022449015872368964,0.00031365844563146903,0.0004768152132027555
2015-05-22,-0.0006801640199148517,-0.00016932483306896518,0.00039993916984668536
2015-05-26,-0.0019322461414654538,-0.00034768566919958835,0.0005453522036872168
2015-05-27,-0.0002332508922047393,0.0006855330439888614,-0.0006035435729554063
2015-05-28,6.810219956276285e-05,6.908631641787283e-05,-0.0007645711762768431
2015-05-29,0.00197642841434479,0.00027727998863820197,-0.0002140511833067761
2015-06-01,-0.0014040468740197409,0.0015930145871384956,-0.001913075914459565
2015-06-02,0.00151719357581408,-0.0010254708209279464,0.0008738765159978215
2015-06-03,0.0005233956823257282,3.764482669622457e-05,-0.0004893369446212701
2015-06-04,0.0004024463161210157,-0.00035825748826545797,0.0005817092048560214
2015-06-05,0.0008294239679107858,-1.6053751664336917e-05,6.553799396372593e-05
2015-06-08,-0.0036370733994470867,-0.0021479391202484854,0.0003109813627147252
2015-06-09,-0.000880622322588204,-5.727420890898846e-05,-0.00013319862565992167
2015-06-10,0.0016527453380365147,-0.00011332330329520469,-0.0003217568011974977
2015-06-11,0.00033907936719010715,-0.0001577587546545738,0.0006148070266281163
2015-06-12,-0.0008037840513825768,0.0004824172099860094,-0.0004535316493129335
2015-06-15,0.0011590513310888479,-0.00033733960595572703,0.0018912473188735766
2015-06-16,6.320642885655192e-05,5.909785212315976e-05,-0.0001675967547241541
2015-06-17,-0.0023424349371115594,0.00024534353511926593,-0.0009941498896237487
2015-06-18,0.0023602233828905737,0.0003564269289602248,-0.0006358519594473761
2015-06-19,-0.0002556915208455506,0.00021393550732379469,-0.00011072123772637274
2015-06-22,0.0017331466793218992,0.00045419563361772384,-0.000120198865680685
2015-06-23,0.0005899736240238963,-0.0001311791012542354,-0.00016331560066354874
2015-06-24,-0.002682514213953077,0.00022794482035156635,0.0018513759613957355
2015-06-25,-0.002468003425736341,-0.0006528544986211686,-0.0006305624131376852
2015-06-26,0.0015947853299025122,0.0003260715095002825,0.00028111924499944464
2015-06-29,-0.006912420866850513,-0.0015760108985051046,0.0009061039116282178
2015-06-30,-0.0014153235986603418,0.00041740565666290323,-0.0008444112196637242
2015-07-01,0.0,0.0,0.0
2015-07-02,0.0,0.0,0.0
2015-07-06,0.0,0.0,0.0
2015-07-07,0.0,0.0,0.0
2015-07-08,0.0,0.0,0.0
2015-07-09,0.0,0.0,0.0
2015-07-10,0.0,0.0,0.0
2015-07-13,0.0,0.0,0.0
2015-07-14,0.0,0.0,0.0
2015-07-15,0.0,0.0,0.0
2015-07-16,0.0,0.0,0.0
2015-07-17,0.0,0.0,0.0
2015-07-20,0.0,0.0,0.0
2015-07-21,0.0,0.0,0.0
2015-07-22,0.0,0.0,0.0
2015-07-23,0.0,0.0,0.0
2015-07-24,0.0,0.0,0.0
2015-07-27,0.0,0.0,0.0
2015-07-28,0.0,0.0,0.0
2015-07-29,0.0,0.0,0.0
2015-07-30,0.0,0.0,0.0
2015-07-31,0.0,0.0,0.0
2015-08-03,0.0,0.0,0.0
2015-08-04,0.0,0.0,0.0
2015-08-05,0.0,0.0,0.0
2015-08-06,0.0,0.0,0.0
2015-08-07,0.0,0.0,0.0
2015-08-10,0.0,0.0,0.0
2015-08-11,0.0,0.0,0.0
2015-08-12,0.0,0.0,0.0
2015-08-13,0.0,0.0,0.0
2015-08-14,0.0,0.0,0.0
2015-08-17,0.0,0.0,0.0
2015-08-18,0.0,0.0,0.0
2015-08-19,0.0,0.0,0.0
2015-08-20,0.0,0.0,0.0
2015-08-21,0.0,0.0,0.0
2015-08-24,0.0,0.0,0.0
2015-08-25,0.0,0.0,0.0
2015-08-26,0.0,0.0,0.0
2015-08-27,0.0,0.0,0.0
2015-08-28,0.0,0.0,0.0
2015-08-31,0.0,0.0,0.0
2015-09-01,0.0,0.0,0.0
2015-09-02,0.0,0.0,0.0
2015-09-03,0.0,0.0,0.0
2015-09-04,0.0,0.0,0.0
2015-09-08,0.0,0.0,0.0
2015-09-09,0.0,0.0,0.0
2015-09-10,0.0,0.0,0.0
2015-09-11,0.0,0.0,0.0
2015-09-14,0.0,0.0,0.0
2015-09-15,0.0,0.0,0.0
2015-09-16,0.0,0.0,0.0
2015-09-17,0.0,0.0,0.0
2015-09-18,0.0,0.0,0.0
2015-09-21,0.0,0.0,0.0
2015-09-22,0.0,0.0,0.0
2015-09-23,0.0,0.0,0.0
2015-09-24,0.0,0.0,0.0
2015-09-25,0.0,0.0,0.0
2015-09-28,0.0,0.0,0.0
2015-09-29,0.0,0.0,0.0
2015-09-30,0.0,0.0,0.0
2015-10-01,0.0,0.0,0.0
2015-10-02,0.0,0.0,0.0
2015-10-05,0.0,0.0,0.0
2015-10-06,0.0,0.0,0.0
2015-10-07,0.0,0.0,0.0
2015-10-08,0.0,0.0,0.0
2015-10-09,0.0,0.0,0.0
2015-10-12,0.0,0.0,0.0
2015-10-13,0.0,0.0,0.0
2015-10-14,0.0,0.0,0.0
2015-10-15,0.0,0.0,0.0
2015-10-16,0.0,0.0,0.0
2015-10-19,0.0,0.0,0.0
2015-10-20,0.0,0.0,0.0
2015-10-21,0.0,0.0,0.0
2015-10-22,0.0,0.0,0.0
2015-10-23,0.0,0.0,0.0
2015-10-26,0.0,0.0,0.0
2015-10-27,0.0,0.0,0.0
2015-10-28,0.0,0.0,0.0
2015-10-29,0.0,0.0,0.0
2015-10-30,0.0,0.0,0.0
2015-11-02,0.0,0.0,0.0
2015-11-03,0.0,0.0,0.0
2015-11-04,0.0,0.0,0.0
2015-11-05,0.0,0.0,0.0
2015-11-06,0.0,0.0,0.0
2015-11-09,0.0,0.0,0.0
2015-11-10,0.0,0.0,0.0
2015-11-11,0.0,0.0,0.0
2015-11-12,0.0,0.0,0.0
2015-11-13,0.0,0.0,0.0
2015-11-16,0.0,0.0,0.0
2015-11-17,0.0,0.0,0.0
2015-11-18,0.0,0.0,0.0
2015-11-19,0.0,0.0,0.0
2015-11-20,0.0,0.0,0.0
2015-11-23,0.0,0.0,0.0
2015-11-24,0.0,0.0,0.0
2015-11-25,0.0,0.0,0.0
2015-11-27,0.0,0.0,0.0
2015-11-30,0.0,0.0,0.0
2015-12-01,0.0,0.0,0.0
2015-12-02,0.0,0.0,0.0
2015-12-03,0.0,0.0,0.0
2015-12-04,0.0,0.0,0.0
2015-12-07,0.0,0.0,0.0
2015-12-08,0.0,0.0,0.0
2015-12-09,0.0,0.0,0.0
2015-12-10,0.0,0.0,0.0
2015-12-11,0.0,0.0,0.0
2015-12-14,0.0,0.0,0.0
2015-12-15,0.0,0.0,0.0
2015-12-16,0.0,0.0,0.0
2015-12-17,0.0,0.0,0.0
2015-12-18,0.0,0.0,0.0
2015-12-21,0.0,0.0,0.0
2015-12-22,0.0,0.0,0.0
2015-12-23,0.0,0.0,0.0
2015-12-24,0.0,0.0,0.0
2015-12-28,0.0,0.0,0.0
2015-12-29,0.0,0.0,0.0
2015-12-30,0.0,0.0,0.0
2015-12-31,0.0,0.0,0.0
2016-01-04,0.0,0.0,0.0
2016-01-05,0.0,0.0,0.0
2016-01-06,0.0,0.0,0.0
2016-01-07,0.0,0.0,0.0
2016-01-08,0.0,0.0,0.0
2016-01-11,0.0,0.0,0.0
2016-01-12,0.0,0.0,0.0
2016-01-13,0.0,0.0,0.0
2016-01-14,0.0,0.0,0.0
2016-01-15,0.0,0.0,0.0
2016-01-19,0.0,0.0,0.0
2016-01-20,0.0,0.0,0.0
2016-01-21,0.0,0.0,0.0
2016-01-22,0.0,0.0,0.0
2016-01-25,0.0,0.0,0.0
2016-01-26,0.0,0.0,0.0
2016-01-27,0.0,0.0,0.0
2016-01-28,0.0,0.0,0.0
2016-01-29,0.0,0.0,0.0
2016-02-01,0.0,0.0,0.0
2016-02-02,0.0,0.0,0.0
2016-02-03,0.0,0.0,0.0
2016-02-04,0.0,0.0,0.0
2016-02-05,0.0,0.0,0.0
2016-02-08,0.0,0.0,0.0
2016-02-09,0.0,0.0,0.0
2016-02-10,0.0,0.0,0.0
2016-02-11,0.0,0.0,0.0
2016-02-12,0.0,0.0,0.0
2016-02-16,0.0,0.0,0.0
2016-02-17,0.0,0.0,0.0
2016-02-18,0.0,0.0,0.0
2016-02-19,0.0,0.0,0.0
2016-02-22,0.0,0.0,0.0
2016-02-23,0.0,0.0,0.0
2016-02-24,0.0,0.0,0.0
2016-02-25,0.0,0.0,0.0
2016-02-26,0.0,0.0,0.0
2016-02-29,0.0,0.0,0.0
2016-03-01,0.0,0.0,0.0
2016-03-02,0.0,0.0,0.0
2016-03-03,0.0,0.0,0.0
2016-03-04,0.0,0.0,0.0
2016-03-07,0.0,0.0,0.0
2016-03-08,0.0,0.0,0.0
2016-03-09,0.0,0.0,0.0
2016-03-10,0.0,0.0,0.0
2016-03-11,0.0,0.0,0.0
2016-03-14,0.0,0.0,0.0
2016-03-15,0.0,0.0,0.0
2016-03-16,0.0,0.0,0.0
2016-03-17,0.0,0.0,0.0
2016-03-18,0.0,0.0,0.0
2016-03-21,0.0,0.0,0.0
2016-03-22,0.0,0.0,0.0
2016-03-23,0.0,0.0,0.0
2016-03-24,0.0,0.0,0.0
2016-03-28,0.0,0.0,0.0
2016-03-29,0.0,0.0,0.0
2016-03-30,0.0,0.0,0.0
2016-03-31,0.0,0.0,0.0
2016-04-01,0.0,0.0,0.0
2016-04-04,0.0,0.0,0.0
2016-04-05,0.0,0.0,0.0
2016-04-06,0.0,0.0,0.0
2016-04-07,0.0,0.0,0.0
2016-04-08,0.0,0.0,0.0
2016-04-11,0.0,0.0,0.0
2016-04-12,0.0,0.0,0.0
2016-04-13,0.0,0.0,0.0
2016-04-14,0.0,0.0,0.0
2016-04-15,0.0,0.0,0.0
2016-04-18,0.0,0.0,0.0
2016-04-19,0.0,0.0,0.0
2016-04-20,0.0,0.0,0.0
2016-04-21,0.0,0.0,0.0
2016-04-22,0.0,0.0,0.0
2016-04-25,0.0,0.0,0.0
2016-04-26,0.0,0.0,0.0
2016-04-27,0.0,0.0,0.0
2016-04-28,0.0,0.0,0.0
2016-04-29,0.0,0.0,0.0
2016-05-02,0.0,0.0,0.0
2016-05-03,0.0,0.0,0.0
2016-05-04,0.0,0.0,0.0
2016-05-05,0.0,0.0,0.0
2016-05-06,0.0,0.0,0.0
2016-05-09,0.0,0.0,0.0
2016-05-10,0.0,0.0,0.0
2016-05-11,0.0,0.0,0.0
2016-05-12,0.0,0.0,0.0
2016-05-13,0.0,0.0,0.0
2016-05-16,0.0,0.0,0.0
2016-05-17,0.0,0.0,0.0
2016-05-18,0.0,0.0,0.0
2016-05-19,0.0,0.0,0.0
2016-05-20,0.0,0.0,0.0
2016-05-23,0.0,0.0,0.0
2016-05-24,0.0,0.0,0.0
2016-05-25,0.0,0.0,0.0
2016-05-26,0.0,0.0,0.0
2016-05-27,0.0,0.0,0.0
2016-05-31,0.0,0.0,0.0
2016-06-01,0.0,0.0,0.0
2016-06-02,0.0,0.0,0.0
2016-06-03,0.0,0.0,0.0
2016-06-06,0.0,0.0,0.0
2016-06-07,0.0,0.0,0.0
2016-06-08,0.0,0.0,0.0
2016-06-09,0.0,0.0,0.0
2016-06-10,0.0,0.0,0.0
2016-06-13,0.0,0.0,0.0
2016-06-14,0.0,0.0,0.0
2016-06-15,0.0,0.0,0.0
2016-06-16,0.0,0.0,0.0
2016-06-17,0.0,0.0,0.0
2016-06-20,0.0,0.0,0.0
2016-06-21,0.0,0.0,0.0
2016-06-22,0.0,0.0,0.0
2016-06-23,0.0,0.0,0.0
2016-06-24,0.0,0.0,0.0
2016-06-27,0.0,0.0,0.0
2016-06-28,0.0,0.0,0.0
2016-06-29,0.0,0.0,0.0
2016-06-30,0.0,0.0,0.0
2016-07-01,0.0,0.0,-0.00033333333333333327
2016-07-05,0.0,0.0,-0.0015508135577611088
2016-07-06,0.0,0.0,-0.0008236090882584396
2016-07-07,0.0,0.0,-0.0009625038252776521
2016-07-08,0.0,0.0,-0.0014152495546859445
2016-07-11,-0.0003333333333333333,0.0,-0.0003663550730585605
2016-07-12,0.0021074458186207024,0.0,0.002517530851157085
2016-07-13,0.0002736670381136179,0.0,8.06924616526235e-05
2016-07-14,0.0002647493218493859,0.0,0.0003408928903048535
2016-07-15,-0.0010981366722416974,0.0,-0.0012875278923144332
2016-07-18,0.0008770980995807128,0.0,0.0009184951222027146
2016-07-19,-0.0005219030498674093,0.0,-0.00047996511237858425
2016-07-20,-0.0001826749226417887,0.0,-3.8734388733549415e-06
2016-07-21,0.0008121715046448961,-0.0003333333333333333,0.001176806350312344
2016-07-22,-0.009013042667047827,-0.010172395423691727,0.0008512250433889652
2016-07-25,0.010856488265843768,0.011613247463833597,-0.0006151378957212451
2016-07-26,0.003540063672398635,0.0021435974269477065,0.0018483784633122398
2016-07-27,0.0054614280956328835,0.0026662099182097367,0.003474422819290682
2016-07-28,0.004600039393267952,0.004563712636572766,-8.429725138103084e-05
2016-07-29,0.014523280381373361,0.014319760244304307,-0.0023807144404689585
2016-08-01,0.0034232942181919575,0.003411223967989442,0.0007661598656329076
2016-08-02,-0.001275284039526622,-0.0006218885213710345,0.001574829968486227
2016-08-03,0.0008236171344009193,0.0006871995703411493,0.0009688727003509609
2016-08-04,-0.007099113109060109,-0.007593367750486606,-0.0007473685915856584
2016-08-05,0.0004899005495526287,0.0,-0.0018081404103009854
2016-08-08,0.00035954626538114276,0.0,-2.4778971123453773e-05
2016-08-09,-0.0010594255456108186,0.0,-0.00012446555242533725
2016-08-10,-0.00013439520485132844,0.0,-0.00027369694468467064
2016-08-11,0.013970484577502747,0.0,0.0003872834036877254
2016-08-12,-0.011683200915461158,0.0,-4.070213042627589e-05
2016-08-15,0.0031816503596424814,0.0,-0.0002192534146212186
2016-08-16,0.001653346323788836,0.0,-0.0009581407961452134
2016-08-17,-0.0025715780039525364,0.0,0.0009591689862537611
2016-08-18,0.00046523137693963145,0.0,0.0016252847235745068
2016-08-19,-0.0012872797636852079,0.0,-0.001579696950729732
2016-08-22,-0.002740177978552673,0.0,0.000780723398949661
2016-08-23,0.002030750269751289,0.0,-0.0009087550250419378
2016-08-24,0.0030323555785146078,0.0,0.001296708338407349
2016-08-25,0.003286225079840262,0.0,0.0005604434086510619
2016-08-26,0.003214642016537607,0.0,-0.0017433277430361994
2016-08-29,-0.00037421467749695615,0.0,-0.0007059233113857685
2016-08-30,-5.448844251180906e-05,0.0,-0.0008482837865139847
2016-08-31,-0.0010667171486137608,0.0,-0.00040771686436868733
2016-09-01,0.00039096866554173983,0.0,-0.001271362080112054
2016-09-02,-0.0008657671373296779,0.0,-0.0007117815270397484
2016-09-06,0.0005402453629343429,0.0,8.258297260096372e-05
2016-09-07,0.0034901802610404187,0.0,0.0015078148736842219
2016-09-08,-0.0039850835824748595,0.0,0.0011623653692685268
2016-09-09,-0.001765877471749293,0.0,0.005911585237165094
2016-09-12,0.00032586850402493826,0.0,-0.0025315388690951984
2016-09-13,0.0012491224402497595,0.0,-0.0002446265123792376
2016-09-14,0.0019143054298373836,0.0,0.0024032387884579142
2016-09-15,-0.0042006711130971935,0.0,0.0005383362506222772
2016-09-16,-0.0060209350689266194,-0.0003333333333333333,0.00367475417427676
2016-09-19,0.0015429068114549318,-0.0019224690724029077,0.001602376684736462
2016-09-20,0.0005597937283855401,-0.000114403858953101,-0.0002110048650088097
2016-09-21,-0.0006764314909462012,-0.002477048990082782,0.0012517102387567182
2016-09-22,-0.0004438708258772274,0.0025295953372550238,-0.002692572918337759
2016-09-23,0.001648060793284302,4.123820632940173e-05,0.00025997555998014766
2016-09-26,1.0732947728664342e-05,-0.0026284231228143953,0.003027342165871758
2016-09-27,-0.0025898956375704956,0.0030807184298359547,-0.0027385211748709617
2016-09-28,2.7016935292060095e-05,0.0016397155393060821,-0.0018087148748047665
2016-09-29,0.0018963029552267804,-0.0006385252155379239,0.0016663674841740867
2016-09-30,0.002691301044630001,0.0018533916155647333,-0.0019287798648323206
2016-10-03,0.0028975499068288426,0.0015189293808894422,-0.0006812037380539443
2016-10-04,0.0005286183171579929,0.00016455951975892326,0.0012098166290721178
2016-10-05,0.003983078076058268,-0.0010987978032701775,0.0015349098775522402
2016-10-06,0.001528316111461091,0.0018885051104382917,-0.002154352905066594
2016-10-07,0.0013851674859936582,0.0017838210631974762,-0.0015532855198625486
2016-10-10,-0.000958096116689862,-0.002270950195862986,0.001973694410279341
2016-10-11,0.005033302257274536,0.0038020450642519705,-0.003269174886237594
2016-10-12,0.006354516347576646,9.672391030998587e-05,-0.0006806556291560326
2016-10-13,0.00016903666710038333,-0.0009666532112965486,0.00036618563662006704
2016-10-14,-0.002057549569212439,-0.0014843308213432764,-3.718059762832556e-05
2016-10-17,0.003927597993291205,-0.0073212936769086285,0.0010492243608654012
2016-10-18,-0.010804635798192097,0.013252591191209175,-0.00020377703927468941
2016-10-19,0.0016635237419313897,-0.001809871714982489,0.0018466156006666252
2016-10-20,0.00018303259648369029,0.00020024101571683821,5.804327173958506e-06
2016-10-21,0.0007313592534090794,0.00806420231184278,-0.007662701053501325
2016-10-24,-0.0011819950426077827,-4.4482479871716506e-05,-0.004894603033767221
2016-10-25,0.00013820279267585828,0.0009893946472907065,0.0021372108749685846
2016-10-26,0.0015096145235988694,-0.0013859833141234327,0.00020940249515810194
2016-10-27,0.0013778437459046851,-0.0019574388380954387,4.0647311614373315e-05
2016-10-28,-0.000737521309443696,-0.0038988990697328076,-0.004991766316497397
2016-10-31,0.008245904651041818,-0.007691711609882596,0.0023131349866284904
2016-11-01,0.0031637939986747985,-0.007896972780803056,-0.0016909194572192479
2016-11-02,-0.00510949797211994,0.00517089779560981,0.00019904202520454656
2016-11-03,0.0007379987703996987,-0.0015293373130901824,0.0004019666270573573
2016-11-04,-0.007873707309920085,0.010730185719712758,0.0015350731669024939
2016-11-07,-0.008323614550194092,0.00936523585760579,-0.0015058941168300882
2016-11-08,-0.005179173616819459,0.0,-0.0008632667087848296
2016-11-09,-0.006154717569988282,-0.0003333333333333333,0.0051089166169033355
2016-11-10,0.014225733886193194,0.006411144650313933,0.005332722958201493
2016-11-11,0.004396058717701269,0.004978607395589203,-0.0007158893936244215
2016-11-14,-0.0013559360795479252,-0.0042151832341409045,0.002858681689254547
2016-11-15,-0.003439619198403006,-0.004469312527013921,-0.0007186813713174769
2016-11-16,-0.0033580823356956766,0.0011833384121533092,-0.003914013914645542
2016-11-17,-0.003489324781321423,-0.0027009845725358647,-0.0012067467290060873
2016-11-18,0.002761664367539467,0.002387345868196559,0.0006126774990065997
2016-11-21,0.0010841329424393497,0.0025179606155850036,-0.002556195849929658
2016-11-22,-0.006918874366190451,-0.0003333333333333333,-0.002167533688207335
2016-11-23,0.0006807750552350364,0.0013728374293911223,-0.0001916249710314967
2016-11-25,0.001542988208068934,-0.0007628282768197381,0.0006356392805441583
2016-11-28,0.0014831299434087673,-0.0007295293390590685,-0.0009425328716525318
2016-11-29,-0.0034707769656323905,-0.0006741167573023026,-0.0005307500439618749
2016-11-30,0.007812223083997612,0.0009956142594777808,0.0025504154937671833
2016-12-01,0.004318399140243211,0.0004195061339291607,0.0027403993927218235
2016-12-02,-0.0014794429968554585,-0.00029802549392348945,-0.004113181558568382
2016-12-05,-0.0011203357144453487,0.0002889427230535391,0.0014386031728445038
2016-12-06,-0.007636005353623726,-8.0964876002166e-05,-0.0035941806166573734
2016-12-07,0.0016787279149181485,-0.0005804464230453392,-0.0035031744440623368
2016-12-08,0.0019884438172339098,-0.0005706656185007452,0.0008331134160186857
2016-12-09,-0.00024284412816280836,9.753421536990982e-05,-0.0028820577166285013
2016-12-12,0.0021336755584352323,-0.00022834242805324354,-0.0003040272506818048
2016-12-13,-0.002260096207755996,0.0017656654381246726,0.0003183208222069241
2016-12-14,0.0026474510384942363,0.0001895507695138674,0.0005834164578583848
2016-12-15,1.828571907145007e-05,0.0,0.0005052026254860007
2016-12-16,-0.014548524588231977,0.0,-0.0026217951851179
2016-12-19,-0.0028465004946265286,0.0,-0.0011044440509475851
2016-12-20,0.004453127527786143,0.0,-0.0012024203096360718
2016-12-21,-0.00033464025759235216,0.0,0.0007883701735147556
2016-12-22,-0.00468445056742885,0.0,-0.0009548694036738284
2016-12-23,-0.0039644334107791805,-0.0003333333333333333,-0.0007275666471505423
2016-12-27,-0.002208762782957516,-0.0014345438512441578,-0.0006612031398494056
2016-12-28,0.0038521014102780257,0.00403030118670107,-0.0002249848493247648
2016-12-29,0.0036896590517983443,0.003049554407944685,0.00016738869021091067
2016-12-30,0.002393718812679599,0.0018353611426632412,-3.3060044138187874e-06
2017-01-03,0.0,0.0,-0.00025
2017-01-04,0.0,0.0,-0.0023871657928974874
2017-01-05,0.0,0.0,0.001797842621676379
2017-01-06,0.0,0.0,-0.0008767517545443424
2017-01-09,0.0,0.0,-1.1604533161679124e-05
2017-01-10,0.0,0.0,-0.00015031361457474036
2017-01-11,-0.00025,-0.00025,0.0010096770463522819
2017-01-12,0.001650292358891655,0.001634038771750744,0.0022731215964474864
2017-01-13,-5.116635845414826e-05,-3.103941253206889e-05,-0.0009410065246374459
2017-01-17,0.0029213834189670365,0.002985021357556664,0.004277857997626296
2017-01-18,0.0012415766266893064,0.0013306129007227758,0.0031799009597107187
2017-01-19,0.0013890220561518253,0.0011140085565649659,0.0026954129412055422
2017-01-20,0.0006772821897472235,0.0008190050657211764,0.0020360450367642095
2017-01-23,0.0,0.0,0.0018594573330404246
2017-01-24,0.0,0.0,-0.003633066212735906
2017-01-25,0.0,0.0,-0.0034046850141678416
2017-01-26,0.0,0.0,0.0012871830673627026
2017-01-27,0.0,0.0,0.0009993837025276857
2017-01-30,0.0,0.0,0.0017317066817808858
2017-01-31,0.0,0.0,0.0026185566451080375
2017-02-01,-0.00025,0.0,-0.000791987670901779
2017-02-02,0.0008480077200651319,0.0,-0.0011205024923642607
2017-02-03,-0.0014735329549049859,0.0,-0.005335404314992855
2017-02-06,-0.0006278810496747727,0.0,0.0007427041502961732
2017-02-07,-0.005328635390509718,-0.00025,0.001273731161377123
2017-02-08,0.0034872563609397106,0.003306168093027812,0.00299150850223794
2017-02-09,-0.0004504749666256649,0.0001285889572188662,-0.0030947308499131277
2017-02-10,0.001426268965746756,-0.00021791585691543624,-0.0009763690280565463
2017-02-13,0.0002370290715888402,0.0003716217089942147,-0.004385298010493753
2017-02-14,0.0008851472257898798,-0.0004114663709225742,-0.0023749349250566706
2017-02-15,-0.0040653293376246465,-0.0010700969474837867,-0.002020099251505387
2017-02-16,0.0016795354235150943,0.0021669575871231406,0.00040397514741896884
2017-02-17,-0.0020972464814364737,-0.0010598753054322247,0.0006838584904186819
2017-02-21,-0.0002779099750783602,0.0007832176127753112,-0.00115772582122841
2017-02-22,-0.0011092724847704613,0.0009133162852061787,-0.0002802178833592852
2017-02-23,0.004842925581824545,0.0,0.0005612353735283016
2017-02-24,-0.010359671716592403,0.0,0.0035871851397895477
2017-02-27,-0.004156731513670428,0.0,-0.000674952696473903
2017-02-28,0.003654894489273328,0.0,0.0006276449303325709
2017-03-01,0.0009416842433472286,0.0,-0.004534245281540233
2017-03-02,0.000855146882836417,0.0,0.002674194505905896
2017-03-03,-0.0009959412756554212,0.0,-0.0012450418094097399
2017-03-06,0.0007006917964423208,0.0,0.0016187761027855773
2017-03-07,-0.0020791778236812046,0.0,-0.0005304132296388525
2017-03-08,-0.005298717195182559,0.0,-0.001568165249383511
2017-03-09,0.0011141922365286005,0.0,-0.0013102279923130635
2017-03-10,-0.002855506041101047,0.0,0.0002840649342806547
2017-03-13,-0.0017148815563629675,0.0,-9.97410087108275e-05
2017-03-14,0.0004570752996217598,0.0,6.38909071880415e-05
2017-03-15,-0.00047395031784570017,0.0,0.0020145624528723955
2017-03-16,0.00019063051029158526,0.0,-0.001105764849124376
2017-03-17,0.0006787701494230326,0.0,0.0023407321710747094
2017-03-20,-0.001609582442180614,0.0,0.002086902178741759
2017-03-21,0.0015941761958303702,0.0,0.004042019580600755
2017-03-22,-0.0018120057501385834,-0.00025,0.0003413192409127535
2017-03-23,-0.0005789779690743546,-0.00024447245081195984,-0.0005918841597363662
2017-03-24,-0.0013536737932634,0.0007450119398027755,0.000190221122112156
2017-03-27,0.0006401262959438537,0.0002178799495079434,-0.0009002404471280139
2017-03-28,0.001738349134887505,-0.0006121195921145821,-0.003289404488468821
2017-03-29,0.004347904188230186,0.00016664767340041737,0.00020284338641968626
2017-03-30,-0.006145098422433016,-0.00037238214503660977,-0.0028582607449958316
2017-03-31,-0.0009043777650239594,-0.00010619328723244659,0.0017663190580385368
2017-04-03,-0.0004621152288552914,-0.0010176587685847426,0.000631754470234917
2017-04-04,0.003472842938939651,0.0007445659383725853,0.00021173543140075532
2017-04-05,0.001964419260919381,0.00039974411908166196,0.00033323459303205674
2017-04-06,0.00015848363447141102,-0.0008596232880284366,-0.0009355824331395463
2017-04-07,0.0038518525302431083,0.001154455107416973,0.0014760824669086774
2017-04-10,0.0012103759948235392,0.0013277109785138502,0.000617393788708161
2017-04-11,-0.0007650614723882709,-0.0009782785220442329,0.000765683599610535
2017-04-12,-0.0012108332125240942,0.001342295952380046,0.0015785328386295151
2017-04-13,-0.004263324554458503,2.1957538498497434e-06,0.0010493980298038465
2017-04-17,-0.002227578033339682,-0.0021986253252811155,-0.00217055557752203
2017-04-18,0.001019788527884178,0.0012830027294675782,0.002063743994535112
2017-04-19,-0.004718204246086215,-0.0002486487518783935,0.0023475612041639403
2017-04-20,0.004121661494971314,0.0009774032064909428,-0.002058335776704497
2017-04-21,-0.0019141483163764076,0.000741304688774574,0.0019698269067600057
2017-04-24,-0.005108970826531102,-0.0024433317823616325,-0.005070962906716413
2017-04-25,-0.00020874161785049155,-0.0004406861836316479,-0.002201396044389857
2017-04-26,0.0003647414022892349,-3.6242819793501634e-05,0.0004399281084825927
2017-04-27,-0.0035886708452421323,-0.0014513289454514344,0.0013960320092886627
2017-04-28,-1.1423308674480062e-06,0.001167464748332448,0.000329202489487492
2017-05-01,-0.002221363634254854,-0.0018083386057647305,-0.0011644446411874516
2017-05-02,-0.003934783702338758,-0.0017051845396356263,-0.0005341781387773022
2017-05-03,0.00023475105083529848,-0.0009558935747819279,-0.0017617927290033235
2017-05-04,-0.0014666324142643245,-0.0008375123513848814,-0.0004778120924858517
2017-05-05,0.0010886195777691128,-0.00039155711308879045,-3.4633192791218535e-05
2017-05-08,-0.0020936139825743437,0.001195932721695452,-0.0007415348349131397
2017-05-09,-0.0016204566997043658,-0.0016799110780037162,0.0005891091502972818
2017-05-10,0.002272843018667107,0.002083765495844538,5.284212522197021e-05
2017-05-11,-0.0024584399418102216,0.00012642743482289796,-0.000882422906187332
2017-05-12,-0.0015603772937193123,-0.0004506589747451297,-0.0011652613815850874
2017-05-15,0.0010615433770433571,-0.0009691068601871964,-0.0011396845396934104
2017-05-16,-0.0005868592626400858,0.00016858041820921055,-0.0035344367194074383
2017-05-17,0.005759241502911667,0.001245896614147045,0.006361525560514203
2017-05-18,0.001404207340624364,-0.0002528740520342664,-9.057987530596783e-05
2017-05-19,-0.004317784505092859,-9.773086965869119e-05,-0.0024703602694475103
2017-05-22,0.0020612591231962546,0.0013262912885219076,0.000321961913842761
2017-05-23,-0.005183311402442299,-0.006048483967327385,-0.0015992782683024278
2017-05-24,-0.002798571951027739,-0.0006817328646007906,-0.0014493177649152673
2017-05-25,0.0002564543244846203,0.0021385737796104803,0.0016379095282931715
2017-05-26,0.0006426499386030399,-0.0005216363024130192,-0.00026101581595807386
2017-05-30,-0.0075220527286535485,-0.0014992494765582456,0.0011179643778498726
2017-05-31,0.005259277043532519,0.001053945812090724,0.003565969029438893
2017-06-01,-0.009185916691060995,0.0009435630827069108,-0.0013982729267251546
2017-06-02,-0.0028204903539921907,-0.0003061364139158283,-0.000477407011670003
2017-06-05,0.0029124135195849575,0.0004329250784051358,-9.77563107660612e-06
2017-06-06,0.005183458931522443,-6.271792933676977e-05,0.0005376220835871011
2017-06-07,-0.0037256877020730695,-0.00029750831017957434,-0.002601100334198471
2017-06-08,-0.002387367332078759,-0.0015330099032605574,-0.004059021883750525
2017-06-09,0.006622104189164904,0.00022503184234438974,-0.0031910127239721114
2017-06-12,-0.002129262389271149,0.0009387199420085409,0.000923601902968927
2017-06-13,0.0008713047496298592,0.0007818491093933215,-0.0015681876270864721
2017-06-14,0.0021495319264998305,0.0,-0.00012643865537202188
2017-06-15,-0.001356445671356076,0.0,0.001675239585044744
2017-06-16,1.9710015452705128e-05,0.0,0.0006362590183464263
2017-06-19,-0.006068874982311618,0.0,-0.0010911955429190414
2017-06-20,-0.003263680852480433,0.0,0.001274273336153368
2017-06-21,-0.0009470985620342581,0.0,1.7183870184456774e-05
2017-06-22,-0.002871100365850722,0.0,0.0006907463145237336
2017-06-23,0.0034761510194132386,0.0,0.0008046922731113927
2017-06-26,-0.0024950745027788636,0.0,-0.0009313593031870306
2017-06-27,0.0008382316781204422,0.0,-0.0016156251331826597
2017-06-28,-0.0014084330454079744,0.0,-0.0023386177784677146
2017-06-29,0.0011040067917543468,0.0,-0.004668347955205186
2017-06-30,-0.0003678801588300469,0.0,0.0004816628910182532
2017-07-03,0.0,0.0,0.0
2017-07-05,0.0,0.0,0.0
2017-07-06,0.0,0.0,0.0
2017-07-07,0.0,0.0,0.0
2017-07-10,0.0,0.0,0.0
2017-07-11,0.0,0.0,0.0
2017-07-12,0.0,0.0,0.0
2017-07-13,0.0,0.0,0.0
2017-07-14,0.0,0.0,0.0
2017-07-17,-5e-05,0.0,0.0
2017-07-18,0.0002973923023959611,0.0,0.0
2017-07-19,-0.0002474856404418477,0.0,0.0
2017-07-20,0.0009271151815317227,0.0,0.0
2017-07-21,-0.000288407365315697,0.0,0.0
2017-07-24,-0.00034237219303411123,0.0,0.0
2017-07-25,0.00022225001507073487,0.0,0.0
2017-07-26,-0.00047655894987200486,0.0,0.0
2017-07-27,-9.927217245308678e-05,0.0,0.0
2017-07-28,-0.00016332126344281787,0.0,0.0
2017-07-31,0.0005457610631329063,0.0,0.0
2017-08-01,-0.0007321213531389574,0.0,0.0
2017-08-02,0.0021019815453109693,0.0,0.0
2017-08-03,8.505716783030361e-06,0.0,0.0
2017-08-04,-0.0012116391127782768,0.0,0.0
2017-08-07,0.0016876351827035652,0.0,0.0
2017-08-08,-0.003702197567258625,0.0,0.0
2017-08-09,-0.00025392004942304555,0.0,0.0
2017-08-10,-0.0024113362147320933,0.0,0.0
2017-08-11,0.002281289929986036,0.0,0.0
2017-08-14,0.0018874191706052148,0.0,0.0
2017-08-15,4.459655921783309e-05,0.0,0.0
2017-08-16,0.003100038262569376,0.0,0.0
2017-08-17,-0.0005801459472675255,0.0,0.0
2017-08-18,0.00015456758565331045,0.0,0.0
2017-08-21,0.000608907957274385,0.0,0.0
2017-08-22,0.0052807070593692915,0.0,0.0
2017-08-23,-0.002258189958658392,0.0,0.0
2017-08-24,0.0005067048352067597,0.0,0.0
2017-08-25,-0.0006643605811571514,0.0,0.0
2017-08-28,0.00041269869720073017,0.0,0.0
2017-08-29,-0.001567985311086529,0.0,0.0
2017-08-30,0.0005816158100258202,0.0,0.0
2017-08-31,0.004877060648579216,0.0,0.0
2017-09-01,-0.0003772090841893773,0.0,0.0
2017-09-05,0.0005527498258313086,0.0,0.0
2017-09-06,0.0033920193574099484,0.0,0.0
2017-09-07,0.0035616482472927346,0.0,0.0
2017-09-08,0.003221001613088749,-5e-05,0.0
2017-09-11,0.00028502475966843887,-4.5571306848022795e-05,0.0
2017-09-12,-0.0001163339489562138,-0.0003882931345344877,0.0
2017-09-13,0.0002479875078676173,0.00018674425603041608,0.0
2017-09-14,0.00026941176388329874,-0.001553058551270034,0.0
2017-09-15,0.001230572207206584,0.0003727294858080391,0.0
2017-09-18,-9.993931179932141e-05,-3.9828864065710406e-05,0.0
2017-09-19,0.00044286199535174456,0.004581703631123439,0.0
2017-09-20,0.0005991870333564225,0.0018886737103019733,0.0
2017-09-21,-0.00028858519969181886,0.00029746089710290925,0.0
2017-09-22,-0.00019061701599087336,-0.001340675920096898,0.0
2017-09-25,0.0001350880318029733,0.003068905113632953,0.0
2017-09-26,0.0007434961744519181,0.0020546456684844543,0.0
2017-09-27,0.0007399837035433769,-0.00040235794206102164,0.0
2017-09-28,0.00037040964208007393,0.0016817689463007354,0.0
2017-09-29,-0.0005273489691783407,-0.00274716024051497,0.0
2017-10-02,-0.0006604453224571033,-0.0024626279042972874,0.0
2017-10-03,0.00017555783348021013,0.0005674217891888267,0.0
2017-10-04,-0.0009652734209663107,-0.0011304486720623362,0.0
2017-10-05,-0.0003746612753444107,5.8081633965749575e-05,0.0
2017-10-06,-0.0006957582874229302,-0.0020771507082723295,0.0
2017-10-09,-3.718633071381769e-05,0.0018143246476853235,0.0
2017-10-10,-0.00042184874945706683,-0.0001994864911776415,0.0
2017-10-11,-0.0001877358690824999,0.0008539440286816444,0.0
2017-10-12,-0.0017903260028279966,0.0009974615024630684,0.0
2017-10-13,0.0008755781295194576,0.00045737633550375884,0.0
2017-10-16,-0.0009405071766405284,0.0015100509445218463,0.0
2017-10-17,0.003446607158669096,0.001569009547429423,0.0
2017-10-18,-0.001405579811680833,-0.0016546311046878222,0.0
2017-10-19,-0.0033688591475766034,-0.007956520299073122,0.0
2017-10-20,-0.00041471331334684965,-0.002489430214055449,0.0
2017-10-23,-0.0008897463016991084,0.0023636934366726096,0.0
2017-10-24,-0.0008390344641972435,-0.0017985256870093232,0.0
2017-10-25,0.00018372322451339928,0.0006936470196767557,0.0
2017-10-26,-0.002147247523483571,-0.0022908473013215475,0.0
2017-10-27,-0.0018160900644858095,-0.003319234552476415,0.0
2017-10-30,0.0009851474031755776,0.0020895755296766417,0.0
2017-10-31,-0.0014947537873481354,-0.0008492700324987064,0.0
2017-11-01,-0.0025361085476867293,-0.0019161486030398883,0.0
2017-11-02,0.00012669850351384985,0.001247085366207484,0.0
2017-11-03,-0.0015606824511668668,-0.0015947031908151207,0.0
2017-11-06,0.002670448799233124,0.0026009993523004185,0.0
2017-11-07,-0.002378251101677355,-0.0021787612159733212,0.0
2017-11-08,0.0008439457567631531,0.0003915772331090953,0.0
2017-11-09,0.001536703022268064,0.000349946512063826,0.0
2017-11-10,0.0032026674082212348,0.001819463030932108,0.0
2017-11-13,-0.0041746310201657075,-0.003106121325715178,0.0
2017-11-14,0.000771373853539742,0.001598477355203127,0.0
2017-11-15,0.0015469538227909255,0.0016450918762717114,0.0
2017-11-16,-0.004042884401157166,-0.002748702924865892,0.0
2017-11-17,0.0009731995978217127,-0.0002892961764228987,0.0
2017-11-20,-0.003002867690751882,-0.0004626482789567651,0.0
2017-11-21,-0.0008029046083741543,-0.0014835936617338885,0.0
2017-11-22,0.002038959168563162,0.0003551485048264518,0.0
2017-11-24,-0.0007621008580886903,-9.397990861616002e-06,0.0
2017-11-27,-0.00041516392079335755,0.0005361469170695765,0.0
2017-11-28,0.0007629465375599522,-0.001136309960536684,0.0
2017-11-29,0.0025451369250989236,0.00031365301496145834,0.0
2017-11-30,-0.0004979211334869713,-0.0004323091639175178,0.0
2017-12-01,0.0010605144108009035,0.002026925431731162,0.0
2017-12-04,0.003779761794619324,0.001174147575019734,0.0
2017-12-05,-0.0023723557217110954,0.00011722413547966201,0.0
2017-12-06,0.00043549464202239675,0.00031616642997265275,0.0
2017-12-07,0.0006644155997676201,0.0004615427480463158,0.0
2017-12-08,-0.0016474665174138405,-0.0008394866176093188,0.0
2017-12-11,-0.00025711142370882776,0.00081533189435028,0.0
2017-12-12,-0.003038764333062496,-0.001608684867330313,0.0
2017-12-13,-0.0008398737683668408,-0.0018326803853809608,0.0
2017-12-14,0.0043910522501968904,0.002763720143133797,0.0
2017-12-15,-0.0031891005737082713,-0.002356116879520375,0.0
2017-12-18,-0.00098955906102734,-0.00037132541605440587,0.0
2017-12-19,-0.0014532659115494841,5.37768678322185e-05,0.0
2017-12-20,-0.003484744436846625,-6.326858022639149e-05,0.0
2017-12-21,-0.0005647684005472143,0.0006959297636059133,0.0
2017-12-22,0.0025433384406273194,0.00018521216721101421,0.0
2017-12-26,-8.80441120070304e-06,0.00031432646087046703,0.0
2017-12-27,-0.0009527422719434713,-0.0003147755437972537,0.0
2017-12-28,3.067525821855662e-05,-0.00040271309417482264,0.0
2017-12-29,0.0021194168607643984,0.001090374384576268,0.0
2018-01-02,0.0,0.0,-0.0006666666666666666
2018-01-03,0.0,0.0,-0.012460996235019861
2018-01-04,0.0,-0.0003333333333333333,0.011051302374958586
2018-01-05,-0.0003333333333333333,-0.0019500923076661307,-0.0014219332518955647
2018-01-08,0.0028559264975619066,0.002522247916038202,-0.007170776968498448
2018-01-09,-0.006052226117548398,-0.005334404067871904,0.008003998200788327
2018-01-10,0.00042627043831690477,0.0021734578477083815,0.015212391228361835
2018-01-11,0.0016935055875259934,-0.0027967862664990822,-0.006856095152423026
2018-01-12,-0.002337458909283583,0.00030277811024470553,0.0008494122482763689
2018-01-16,0.006053956985653535,0.003898632572120519,0.005521229834494432
2018-01-17,0.0002559985941372258,-0.001692649762704569,-0.011367666558728102
2018-01-18,0.0007722102095913514,0.0015198437330724282,0.010510836350561992
2018-01-19,0.0015701430188783956,0.0004324781756337868,-0.007262883223473945
2018-01-22,0.0028237715480278415,0.0003817990453158752,-0.011550708481341182
2018-01-23,0.005943100304488546,0.003020115030394184,-0.005815240962601862
2018-01-24,-0.0019916840813553115,-0.000453557016792601,0.007710565488424897
2018-01-25,0.0019996013700258855,0.004368736237910747,0.01174737867885327
2018-01-26,-0.0009844090773044284,-0.001311668041180206,0.002878115366386007
2018-01-29,0.00031356710985640186,0.007355332582603322,0.01903562638039081
2018-01-30,-0.0002943629532289063,-0.0011515428743838426,-0.0017328623241317457
2018-01-31,0.00568169398148468,-0.0034120896473446975,-0.005418476912893139
2018-02-01,0.0045827082788488975,0.005872916949495967,0.011804898288114263
2018-02-02,0.002869264570069209,-0.0081069393738424,0.012427012765179954
2018-02-05,-0.0023011054362132633,0.0029433717911224407,0.019077219939150684
2018-02-06,-0.0033337998682711405,0.008752431916365815,-0.008704118415546323
2018-02-07,0.0016614482873564477,-0.0009091646637887763,-0.0038836328548860475
2018-02-08,-0.004858644903575784,-0.0043398235646053655,0.022833167921981007
2018-02-09,0.009504322248934305,0.004073678895383479,-0.007112430715686814
2018-02-12,-0.000450744787963741,-1.5894206106191976e-05,-0.006468139295568272
2018-02-13,0.005133169634153672,-0.002449244607114252,-0.006477504017941863
2018-02-14,-0.005383579930765682,0.00026208170024278997,0.0014795628572086262
2018-02-15,0.004623608685738064,0.0014558231562944491,-0.0028223332767666684
2018-02-16,-0.0018722487211071447,-0.0009952765067589738,-0.00190940933525623
2018-02-20,-0.003335498477641884,-0.0011510010561331452,0.007932975351013878
2018-02-21,0.002681007252653529,0.0002591448575382203,-0.0012089126221178066
2018-02-22,0.009206423598202331,-0.0007832524195951165,-0.006719886811785502
2018-02-23,-0.0003333333333333333,0.004349554338112675,-0.009028236741530719
2018-02-26,3.850232063655804e-05,-0.0009472429743354068,0.0010070853756861257
2018-02-27,0.0025642865217230383,0.0012315350962605184,0.012553654308023554
2018-02-28,-0.001821009845009781,-0.0010330199554905934,0.00963374276654904
2018-03-01,-0.0003297167838168874,-0.0022573843323898794,-0.00521104059860629
2018-03-02,0.0030282778531659817,0.006907668986941698,0.00456083645068238
2018-03-05,-0.002279452778016003,-0.0026266305693826973,-0.005024837244615943
2018-03-06,0.0016567627102035017,0.0008501448235061986,-0.008503537067921193
2018-03-07,-0.0006514053008491477,-0.00023495753910916645,-2.5234057493634493e-05
2018-03-08,-0.002737249499280078,-0.003029722093181988,-0.003922104191933786
2018-03-09,-0.0020062873731855144,-0.003108233495574488,-0.004962707964124947
2018-03-12,0.0050510125820197715,0.0022904935077049703,-0.0016030135341560871
2018-03-13,-0.0002623948535386878,-0.0009136693537761747,-0.0038957532598707188
2018-03-14,0.0020040631318636827,0.0024661423081202114,0.0052485088062612295
2018-03-15,-0.003929354218082209,-0.000721434011001326,0.005991738639418814
2018-03-16,0.0033173575742689223,0.0012175123374855948,-0.0010744974246619798
2018-03-19,0.0036386555319007706,0.003047280446867313,0.004317740339897247
2018-03-20,-0.0036908317810569725,-0.001661908540541047,0.0010152042549824985
2018-03-21,0.006027712166427151,0.0014457870160254664,-0.007397789260850471
2018-03-22,0.0019066799093664163,0.003179952782737968,0.008875272948381786
2018-03-23,0.0056973730264671335,0.004695412067304212,0.006141561474135499
2018-03-26,-0.0024835249987797026,0.0,-0.013914816192734441
2018-03-27,-0.003265044882903405,0.0,0.0023396773099386386
2018-03-28,-0.005931562578737144,-0.00033333333333333327,-0.0025971584244286194
2018-03-29,0.0024680305251223726,-8.515435759801913e-05,-0.0036285345814231814
2018-04-02,0.002710119919835918,0.006272324693406311,0.015421381793019042
2018-04-03,-0.0022911537707963185,-0.0026584952983041963,-0.006213750916780014
2018-04-04,0.004523522136041654,-0.0054883353919279775,-0.021212027972723896
2018-04-05,0.002396456769132717,-0.00045395337701085835,-0.005965599755492586
2018-04-06,0.0005158348440617326,0.003919677868499624,0.010080334756610682
2018-04-09,-0.0013518538567769212,-8.982753099518404e-05,0.0014497925464374152
2018-04-10,-0.003480116532375408,-0.0025789006666174924,-0.0038396685717989286
2018-04-11,-0.0020181467589539784,0.00048064301347971523,0.005364891874802509
2018-04-12,0.00913644559052522,0.007586084782893228,0.00770858508186754
2018-04-13,-0.007784733703134937,-0.0060538259112845475,-0.006427973288246125
2018-04-16,1.0372266591422217e-05,-0.001080017942631032,-0.0025734418743804917
2018-04-17,-0.007477682676104582,-0.006707733790303277,-0.009197148162964302
2018-04-18,-0.0017905087154682874,-0.0015917510940148814,-0.002078677762285173
2018-04-19,0.004312638520201592,0.007983586632039746,0.016979148906104094
2018-04-20,0.004941909740411385,0.004959420992981027,0.008550845348191422
2018-04-23,0.002892755637099629,0.0005173430890348059,-0.0021859218951270306
2018-04-24,-0.0013350362595106176,-0.003410136191528166,-0.003081664164207126
2018-04-25,0.007497395940358077,0.0010751304318784851,-0.005443141467845092
2018-04-26,-0.00940471258759788,-0.007912541483341412,-0.009175571210888746
2018-04-27,-0.007792438742757796,-0.00414796247567366,-0.001508653162855549
2018-04-30,-0.0031706731161290544,-0.0015792223600184542,0.006050704536784705
2018-05-01,-0.0030258452005507068,-0.0003430130826478691,-0.0023121608694674583
2018-05-02,0.0010412150299615498,-0.0017542947894857287,0.006103282051999008
2018-05-03,-0.006917244163521405,-0.0011365784110266106,-0.010694343085070687
2018-05-04,-0.004231289175019995,-0.003261502420807341,-0.003149313772385264
2018-05-07,-0.014915795822435277,-0.011869792927722755,-0.005071088457483635
2018-05-08,0.002138588860075163,0.0025498041138026753,0.00040770683748622493
2018-05-09,-0.010405620941332358,-0.0084812971842056,0.005751514674499809
2018-05-10,-0.0030398736790398146,-0.0021095726860979507,-0.004262729704602474
2018-05-11,0.0007379062245286236,-0.0006064944480834219,0.0001008146410400083
2018-05-14,0.0009991717663770966,-0.0032377247949787985,0.004288344625326986
2018-05-15,-0.0010046990634322722,0.0011147891009097657,0.02258362304573262
2018-05-16,-0.0018575807652147479,-0.004690866490910797,-0.0016732213763896188
2018-05-17,0.002693242483437302,0.0016317002786560449,-0.0021811180198842216
2018-05-18,0.001728492600246005,0.00043684057491219795,-0.0024701643800539345
2018-05-21,-0.001979724081136765,-0.0018959784749944806,-0.0011214188461530696
2018-05-22,-0.0045345332848102,-0.0030057754129679966,0.005555533291631592
2018-05-23,-0.0041883250209189165,0.0001683012661840728,-0.006871236362422493
2018-05-24,-0.00449000321342912,-0.0016936867553863295,-0.004949445934749373
2018-05-25,0.004682980846590998,0.006659106482243572,-0.00533178857464997
2018-05-29,-0.0029196828229166964,0.0014047717758665082,-0.0033686127356857168
2018-05-30,-0.011411407795102198,-0.011070141102226339,0.0004098318827457723
2018-05-31,0.0007463692086864824,0.0029522050636602713,0.002899736890711078
2018-06-01,-0.0011591131038393998,-0.005477196127768902,-0.0007403022021137863
2018-06-04,-0.014621515529387155,-0.005904168976089138,-0.00461293016736124
2018-06-05,0.00765214484528249,0.004333011658500264,0.003971966690392578
2018-06-06,0.0010499399588406045,-0.0028666354816908515,-0.0011984572012975466
2018-06-07,0.003582237437703342,0.0028642568034313847,-0.00099259609352487
2018-06-08,0.005236409718614725,0.004906708047695133,-0.010524225467890183
2018-06-11,-0.004644865951856292,0.0015830339453753413,0.0009070039969736165
2018-06-12,-0.005004546078131579,-0.0040723130655202526,-0.005987853740676764
2018-06-13,0.0007532496901409801,0.0022857093544838333,0.012754618217886628
2018-06-14,-0.00872405842090869,-0.0022193916175695097,-0.0037113891096682474
2018-06-15,0.002433564412028632,0.0005456553013432542,0.0029492864427394685
2018-06-18,-0.006174896306793578,-0.005803221151556701,0.003758549951787475
2018-06-19,-0.005655881094570842,0.007000004437584015,0.0008056770012702716
2018-06-20,-0.0043267756522663734,-0.0017725446285069967,-0.0026180464282132532
2018-06-21,-0.014081381858224164,-0.0037863585935325465,-0.0007164068450780017
2018-06-22,0.0016385554632784172,-0.0012647256329556265,0.004257558484789534
2018-06-25,-0.0018024711476851147,-0.004102424521058723,0.00221271979345916
2018-06-26,-0.0025138688516405066,-0.0005352403124967484,-0.004435481502627594
2018-06-27,0.007053708549864928,0.0015503076121601118,0.004966950130480783
2018-06-28,-0.004272712997395618,-0.0008083873306316114,-0.003365281421737283
2018-06-29,0.002689456281379642,0.0011883171714993522,-0.0030894550376015773
2018-07-02,0.0,0.0,0.0
2018-07-03,0.0,0.0,0.0
2018-07-05,0.0,0.0,0.0
2018-07-06,0.0,0.0,0.0
2018-07-09,-0.0002,0.0,0.0
2018-07-10,0.0011609886920918636,0.0,0.0
2018-07-11,0.0015551432816995636,0.0,0.0
2018-07-12,0.0005483887143046286,0.0,0.0
2018-07-13,-0.0009243926907605724,0.0,0.0
2018-07-16,0.0011259006930800322,0.0,0.0
2018-07-17,-0.0015771320120724908,0.0,0.0
2018-07-18,0.0009085280687019337,0.0,0.0
2018-07-19,-0.004290360469966304,0.0,0.0
2018-07-20,3.459672579917642e-05,0.0,0.0
2018-07-23,7.173031216215903e-05,-0.0002,0.0
2018-07-24,0.0024318761468448157,0.00029016311037576985,0.0
2018-07-25,0.0011515409745424042,-0.00030026704150090097,0.0
2018-07-26,-0.003150538013237343,0.001174546508421526,0.0
2018-07-27,8.3730601185821e-05,0.001163345502092477,0.0
2018-07-30,-0.0032980603157295287,-0.0005285154060393731,0.0
2018-07-31,0.00313926300733689,0.0018272792406729059,0.0
2018-08-01,-0.0010881097272035251,4.0495210522407196e-05,0.0
2018-08-02,-0.0018848261053782533,0.00032184142095505056,0.0
2018-08-03,-0.006403735319941789,0.0,0.0
2018-08-06,0.0007023218221389781,0.0,0.0
2018-08-07,0.000516676931430874,0.0,0.0
2018-08-08,-0.0012400338662809179,0.0,0.0
2018-08-09,-0.0017941486843057678,0.0,0.0
2018-08-10,-0.0021427906815758777,0.0,0.0
2018-08-13,0.005573503259735558,0.0,0.0
2018-08-14,-0.0014741303492331746,0.0,0.0
2018-08-15,-0.002537736796610791,0.0,0.0
2018-08-16,-0.006799492134263957,0.0,0.0
2018-08-17,-0.002504680331974154,0.0,0.0
2018-08-20,-0.0014736112643785543,0.0,0.0
2018-08-21,0.002057091695954304,0.0,0.0
2018-08-22,-0.0004841692732413513,0.0,0.0
2018-08-23,-0.0011931062720108286,0.0,0.0
2018-08-24,-0.0023312247421705965,0.0,0.0
2018-08-27,0.0026161542698666983,0.0,0.0
2018-08-28,0.0012112208855968806,0.0,0.0
2018-08-29,-0.002318512496231529,0.0,0.0
2018-08-30,0.0009512633019739414,0.0,0.0
2018-08-31,-0.0035563692116791683,0.0,0.0
2018-09-04,-0.0024340328510054536,0.0,0.0
2018-09-05,0.0004124294557474004,0.0,0.0
2018-09-06,-0.0008279364390990348,0.0,0.0
2018-09-07,-0.002278011112718011,0.0,0.0
2018-09-10,0.0002194135630141006,0.0,0.0
2018-09-11,-0.0012369329982054543,0.0,0.0
2018-09-12,-0.0010764099928561436,0.0,0.0
2018-09-13,-0.002265812203922691,0.0,0.0
2018-09-14,0.003535888106661582,0.0,0.0
2018-09-17,0.002650848557767637,0.0,0.0
2018-09-18,-0.0016126451458796562,0.0,0.0
2018-09-19,0.0022079165271508745,0.0,0.0
2018-09-20,-0.00456629169187346,0.0,0.0
2018-09-21,-0.003800370937104597,0.0,0.0
2018-09-24,0.0022428024419591753,0.0,0.0
2018-09-25,-0.001443409582010643,0.0,0.0
2018-09-26,-0.0035754974487008755,0.0,0.0
2018-09-27,-0.0018590903630905649,0.0,0.0
2018-09-28,-0.008668155360902702,0.0,0.0
2018-10-01,0.002311880288266865,-0.0002,0.0
2018-10-02,-7.462249691245577e-05,-0.000155556610652145,0.0
2018-10-03,0.0031960304266669846,6.838394907335528e-05,0.0
2018-10-04,0.005227646242856247,0.0016293411316487638,0.0
2018-10-05,-0.0034601684968404455,0.000911266721846463,0.0
2018-10-08,-0.0020930212982168362,0.0004182344146671446,0.0
2018-10-09,-0.0036036381581274523,-0.0007947972150077771,0.0
2018-10-10,0.006396822980293334,0.001705368444299948,0.0
2018-10-11,0.006078296570632845,-0.007655225778789319,0.0
2018-10-12,-0.0030422929814506255,0.006601254076847798,0.0
2018-10-15,-0.0031090171575846337,0.0011137865465538186,0.0
2018-10-16,-0.007516651839895044,0.0060012310353422995,0.0
2018-10-17,0.013133069055199545,-0.0036745967622452483,0.0
2018-10-18,-0.0014337821746616697,-0.002350276599244378,0.0
2018-10-19,-0.00866408691558625,0.00010956005059863973,0.0
2018-10-22,-0.002897343211481282,0.0037364910887557464,0.0
2018-10-23,-0.0006089573531939335,-0.000548409948001936,0.0
2018-10-24,0.0012103019286992586,-0.008184942369822684,0.0
2018-10-25,-0.0016208927817590827,0.0015738414271151302,0.0
2018-10-26,-0.0009732559927801262,0.0001648649681810584,0.0
2018-10-29,-0.006026078474916964,0.0014103976866871734,0.0
2018-10-30,-0.006239368016131732,-0.005453322113223398,0.0
2018-10-31,0.004814131803577192,-0.003698905000027293,0.0
2018-11-01,0.0054196184984618935,-0.0007585773416221522,0.0
2018-11-02,-0.005727670753942842,0.0010288268574277421,0.0
2018-11-05,-0.0021946819568300266,0.007854601664404852,0.0
2018-11-06,0.0015431936274131757,0.006490715987488098,0.0
2018-11-07,-0.0023043388925528536,0.006513997488364757,0.0
2018-11-08,-0.0018534444458574704,0.007003286201545821,0.0
2018-11-09,-0.006689311483277695,0.0022676819814110003,0.0
2018-11-12,-0.006217162786406792,-0.0005958175839390651,0.0
2018-11-13,-0.0009355574493742673,-0.001628880641096162,0.0
2018-11-14,-0.0018227511267187948,-0.0006418530320356502,0.0
2018-11-15,0.0023501756136066975,-0.0009331196538951937,0.0
2018-11-16,-0.0024155823492984434,-0.0002356960885273342,0.0
2018-11-19,-0.0023497354199370963,0.0005627648205476698,0.0
2018-11-20,0.007534231120733871,-0.002041136077744689,0.0
2018-11-21,0.0026905493687578753,0.0017734890261552137,0.0
2018-11-23,-0.005076366804827944,-0.0004021699777000981,0.0
2018-11-26,0.0023701519379153045,0.0006601611124459509,0.0
2018-11-27,0.0006971188970857657,-0.00020653479343398716,0.0
2018-11-28,0.001307551163800313,0.003315474629522573,0.0
2018-11-29,0.005694235884620359,-0.0004914534767427022,0.0
2018-11-30,0.0031871600484371307,-1.1860710846142015e-05,0.0
2018-12-03,-0.0009019263901914737,0.0009297658039830782,0.0
2018-12-04,-0.008411479281535019,-0.0007110613665782403,0.0
2018-12-06,-0.002215889233977837,0.00037046338506954826,0.0
2018-12-07,-0.0008938360605930312,-0.0015030039301748381,0.0
2018-12-10,-0.004292686444789745,0.0030807127707266463,0.0
2018-12-11,-0.010368487056326935,0.0012949215412342233,0.0
2018-12-12,-0.002433576658790908,0.00037507143806854497,0.0
2018-12-13,-0.007842611664168728,-0.0013060133177864347,0.0
2018-12-14,0.0031877305911166163,0.0005923797237577634,0.0
2018-12-17,0.00994355782638016,0.0008923333455285161,0.0
2018-12-18,0.004881315487641998,-0.0013637092470029214,0.0
2018-12-19,0.0009477955013522032,0.0033070097815342467,0.0
2018-12-20,0.004672202018804373,0.006486449525672499,0.0
2018-12-21,0.003933414927860425,0.0025033507516681016,0.0
2018-12-24,0.007047576925987543,-6.277191591138008e-05,0.0
2018-12-26,-0.008294201580693661,0.002661235074657429,0.0
2018-12-27,-0.001721717853373795,0.00020228361651031547,0.0
2018-12-28,0.0015305493051349036,0.00017665300849038892,0.0
2018-12-31,-0.005415121720429703,-1.520967011874319e-05,0.0
2019-01-02,0.0,0.0,0.0
2019-01-03,0.0,0.0,0.0
2019-01-04,0.0,0.0,0.0
2019-01-07,-0.001,0.0,0.0
2019-01-08,0.0006775248350204374,0.0,0.0
2019-01-09,0.021067634073492734,0.0,0.0
2019-01-10,-0.0003475936675865404,0.0,0.0
2019-01-11,-0.008609524529069896,0.0,0.0
2019-01-14,0.0,0.0,0.0
2019-01-15,0.0,0.0,0.0
2019-01-16,0.0,0.0,0.0
2019-01-17,-0.001,-0.001,0.0
2019-01-18,-0.001072725015377942,-0.0015759694117811003,0.0
2019-01-22,0.0024608214581154936,0.0026940698811129815,0.0
2019-01-23,0.0007846951675570309,0.001087685670810906,0.0
2019-01-24,-0.0017788164549278015,-0.00203382046214777,0.0
2019-01-25,0.01958167557712713,0.019900563671643026,0.0
2019-01-28,0.0,0.0,0.0
2019-01-29,0.0,0.0,0.0
2019-01-30,0.0,0.0,0.0
2019-01-31,-0.001,-0.001,0.0
2019-02-01,0.020262573477732262,0.020877101472057905,0.0
2019-02-04,0.0,0.006347042596698315,0.0
2019-02-05,0.0,0.0,0.0
2019-02-06,0.0,0.0,0.0
2019-02-07,0.0,0.0,0.0
2019-02-08,0.0,0.0,0.0
2019-02-11,0.0,0.0,0.0
2019-02-12,0.0,0.0,0.0
2019-02-13,0.0,0.0,0.0
2019-02-14,0.0,0.0,0.0
2019-02-15,0.0,0.0,0.0
2019-02-19,0.0,0.0,0.0
2019-02-20,0.0,0.0,0.0
2019-02-21,0.0,0.0,0.0
2019-02-22,0.0,0.0,0.0
2019-02-25,0.0,0.0,0.0
2019-02-26,0.0,0.0,0.0
2019-02-27,0.0,0.0,0.0
2019-02-28,0.0,0.0,0.0
2019-03-01,0.0,0.0,0.0
2019-03-04,0.0,0.0,0.0
2019-03-05,0.0,0.0,0.0
2019-03-06,-0.001,0.0,0.0
2019-03-07,0.0013591277208665278,0.0,0.0
2019-03-08,-0.0016254900345795387,0.0,0.0
2019-03-11,-0.006154490384529469,-0.001,0.0
2019-03-12,0.0012459634747064748,0.002007228799488029,0.0
2019-03-13,0.0023322337860953862,0.0030861969771230446,0.0
2019-03-14,-0.005505635347663352,-0.004852736388923437,0.0
2019-03-15,-0.005184638965407086,-0.004816778421813449,0.0
2019-03-18,0.002839822620669354,0.0027745804707776382,0.0
2019-03-19,0.0037698860530094224,0.003976296101516343,0.0
2019-03-20,0.008023230339007618,0.007455217481610544,0.0
2019-03-21,-0.0016593531561620014,0.0,0.0
2019-03-22,-0.001596656363013477,0.0,0.0
2019-03-25,0.0012188767600825844,0.0,0.0
2019-03-26,-0.0051229705844117734,0.0,0.0
2019-03-27,-0.0027022126767091504,0.0,0.0
2019-03-28,0.001657537763272084,0.0,0.0
2019-03-29,-0.00021089278903909606,0.0,0.0
2019-04-01,-0.0004824103622298346,0.0,0.0
2019-04-02,-0.0016354391310605804,0.0,0.0
2019-04-03,-0.002338770928240034,0.0,0.0
2019-04-04,-0.00121281738237236,0.0,0.0
2019-04-05,0.0038532388601978823,0.0,0.0
2019-04-08,0.001486415365706052,0.0,0.0
2019-04-09,0.001709983696132175,0.0,0.0
2019-04-10,0.0005824377886530343,0.0,0.0
2019-04-11,0.001729215398609173,0.0,0.0
2019-04-12,-0.007867278674052049,0.0,0.0
2019-04-15,-0.00721936371083666,0.0,0.0
2019-04-16,-0.010302229734017504,0.0,0.0
2019-04-17,-0.02826636955783447,-0.001,0.0
2019-04-18,0.003412606601358112,0.004115357196574506,0.0
2019-04-22,-0.030653298693295753,-0.04399722179359088,0.0
2019-04-23,0.0031195041758428797,0.008590684228431972,0.0
2019-04-24,0.0068948501375584925,0.010198341418815753,0.0
2019-04-25,0.009421850252524813,0.01369824087387127,0.0
2019-04-26,-0.005908473999872019,-0.0014617395634008298,0.0
2019-04-29,-0.011385147954024687,-0.014878309983051452,0.0
2019-04-30,-0.0007733144506487408,3.504669183266516e-05,0.0
2019-05-01,-0.005129839331340893,-0.02174363679724349,0.0
2019-05-02,0.010236489624881408,0.010036349554931568,0.0
2019-05-03,0.0013703817607324722,0.010953638872393914,0.0
2019-05-06,-0.0004379534447674231,0.0009174402469384302,0.0
2019-05-07,-0.006500314648454432,-0.0321077406653889,0.0
2019-05-08,0.0016229022402938394,0.007812855371888167,0.0
2019-05-09,0.00379561471440347,-0.0008758672607941365,0.0
2019-05-10,-0.003934730870727532,0.0003009396884967302,0.0
2019-05-13,-0.0013903549597474134,-0.030208332965909027,0.0
2019-05-14,-0.003409889929982148,0.017869101668669736,0.0
2019-05-15,-0.007926190325567082,0.007996094090513299,0.0
2019-05-16,-0.006236258501889556,0.00866983534470393,0.0
2019-05-17,0.0014717122743678126,-0.003911672721449122,0.0
2019-05-20,-0.003592784830950059,-0.009692164923405947,0.0
2019-05-21,-0.001118447648837645,0.0014356824746284942,0.0
2019-05-22,0.0001641587707802237,0.003008563327165359,0.0
2019-05-23,-1.15155681834761e-05,-0.020476934749301495,0.0
2019-05-24,-0.0017432108709260125,0.0063702197154043025,0.0
2019-05-28,-0.008462291850870433,-0.0015746493454732262,0.0
2019-05-29,0.00416067136141713,-0.0027197423599072557,0.0
2019-05-30,0.004459353120981917,0.0047778826280388135,0.0
2019-05-31,-0.005554358861951578,-0.015889467348395154,0.0
2019-06-03,0.0042302621558565,-0.01607784093278365,0.0
2019-06-04,0.00048244621222458955,0.027082247378354168,0.0
2019-06-05,-0.001941394407089063,0.019713413528906636,0.0
2019-06-06,-0.005282593439866359,0.006615677821412261,0.0
2019-06-07,0.0005275069218912461,0.021265859854854092,0.0
2019-06-10,0.0060111164009011816,0.009440532933210207,0.0
2019-06-11,-0.0007836725082451341,-0.004056462987758774,0.0
2019-06-12,-0.008189990723740805,0.001824134585777223,0.0
2019-06-13,0.010748660217150562,-0.0058853268499638985,0.0
2019-06-14,-0.00848920332539381,-0.005517572595832348,0.0
2019-06-17,0.009012560059422215,0.007591525777997156,0.0
2019-06-18,0.009080255554569903,0.006792938557007287,0.0
2019-06-19,-0.001220293565426594,0.008527728389746235,0.0
2019-06-20,-0.0018213814598537145,0.019055811986881544,0.0
2019-06-21,-0.0034791526253621884,-0.00621726104895606,0.0
2019-06-24,-0.002506450424716765,-0.00035524166287422855,0.0
2019-06-25,0.004661570071269752,-0.012257668318840582,0.0
2019-06-26,-0.004638197615003933,-0.008533746228269329,0.0
2019-06-27,0.0026241409139658276,0.005296108684860137,0.0
2019-06-28,-0.003603492018457508,0.012161795251470896,0.0
2019-07-01,0.0,0.0,0.0
2019-07-02,0.0,0.0,0.0
2019-07-03,0.0,0.0,0.0
2019-07-05,0.0,0.0,0.0
2019-07-08,0.0,0.0,0.0
2019-07-09,0.0,0.0,0.0
2019-07-10,0.0,0.0,0.0
2019-07-11,0.0,0.0,0.0
2019-07-12,0.0,0.0,0.0
2019-07-15,0.0,0.0,0.0
2019-07-16,0.0,0.0,0.0
2019-07-17,-0.001,0.0,0.0
2019-07-18,-0.0011185627379897277,0.0,0.0
2019-07-19,-0.005390164509997708,0.0,0.0
2019-07-22,-0.0014928156647450856,0.0,0.0
2019-07-23,0.007695340264895374,0.0,0.0
2019-07-24,0.005555088107280628,0.0,0.0
2019-07-25,0.004477132527249871,0.0,0.0
2019-07-26,-0.005550965172360367,0.0,0.0
2019-07-29,-0.006754699286675176,0.0,0.0
2019-07-30,-0.011921959851056735,0.0,0.0
2019-07-31,0.007301478829202854,0.0,0.0
2019-08-01,0.004985364493765557,0.0,0.0
2019-08-02,5.00600513060113e-05,0.0,0.0
2019-08-05,0.009488804437388535,0.0,0.0
2019-08-06,-0.006571728561211776,0.0,0.0
2019-08-07,-0.009570768425101179,0.0,0.0
2019-08-08,0.02159625669924834,0.0,0.0
2019-08-09,0.003595182235578306,0.0,0.0
2019-08-12,-0.006547418714652838,0.0,0.0
2019-08-13,-0.0074853879685466826,0.0,0.0
2019-08-14,-0.016105422332210656,0.0,0.0
2019-08-15,0.0028061659677499446,0.0,0.0
2019-08-16,-0.0030059184139389476,0.0,0.0
2019-08-19,-0.005020064602364954,0.0,0.0
2019-08-20,0.003574394293338013,0.0,0.0
2019-08-21,-0.004367818607138927,0.0,0.0
2019-08-22,-0.005757765006747518,0.0,0.0
2019-08-23,-0.008632654863065926,-0.001,0.0
2019-08-26,-0.0068160940343074405,0.003595839254503562,0.0
2019-08-27,-0.004181312222670313,0.0026117390724304324,0.0
2019-08-28,-0.0013043536770986756,0.004057793486731323,0.0
2019-08-29,0.009444174699253655,0.009391110165220313,0.0
2019-08-30,0.004211273850225642,-0.001956820329565524,0.0
2019-09-03,-0.01843428783525049,-0.011992726647576571,0.0
2019-09-04,0.0020464736946581123,0.014985401310302484,0.0
2019-09-05,0.004734122975161789,0.001665161465063202,0.0
2019-09-06,-0.00652095157901343,-0.005761165189357903,0.0
2019-09-09,0.0001032568233330566,-0.004831678227842265,0.0
2019-09-10,0.01680122725981697,-0.00016704842106693185,0.0
2019-09-11,0.017748485431254866,0.025821356431783064,0.0
2019-09-12,-0.017531659988521235,0.0,0.0
2019-09-13,-2.502181753172121e-06,0.0,0.0
2019-09-16,0.0033981805648325867,0.0,0.0
2019-09-17,0.0061731475659298,0.0,0.0
2019-09-18,0.0011650122003408904,0.0,0.0
2019-09-19,-0.008720373811912117,0.0,0.0
2019-09-20,-0.0072277809142145995,0.0,0.0
2019-09-23,-0.007199434199068553,0.0,0.0
2019-09-24,-0.005156951038662635,0.0,0.0
2019-09-25,0.002897542457151779,0.0,0.0
2019-09-26,0.00016728993008529452,0.0,0.0
2019-09-27,-0.0055328637381496446,0.0,0.0
2019-09-30,0.007387204199844347,0.0,0.0
2019-10-01,-0.004057076658486866,0.0,0.0
2019-10-02,0.006938886265952841,0.0,0.0
2019-10-03,0.007830354153249565,0.0,0.0
2019-10-04,-0.0001721820860455638,0.0,0.0
2019-10-07,0.0013304816002755369,0.0,0.0
2019-10-08,-0.004838332905185495,0.0,0.0
2019-10-09,-0.00010850245908304752,0.0,0.0
2019-10-10,0.011415721562664849,0.0,0.0
2019-10-11,0.006501777855501259,0.0,0.0
2019-10-14,-0.004791691967861391,0.0,0.0
2019-10-15,0.013000983122512562,0.0,0.0
2019-10-16,0.00045342747786049874,0.0,0.0
2019-10-17,0.00035854207627884825,0.0,0.0
2019-10-18,-0.003282576710303817,0.0,0.0
2019-10-21,-0.007908465473870111,0.0,0.0
2019-10-22,-0.010389680152205975,0.0,0.0
2019-10-23,-0.0005867915013237426,0.0,0.0
2019-10-24,-0.00453906575381207,0.0,0.0
2019-10-25,0.0011816463593494744,0.0,0.0
2019-10-28,0.002101931631133758,0.0,0.0
2019-10-29,-0.0006229866010214402,0.0,0.0
2019-10-30,0.0007296821109006998,0.0,0.0
2019-10-31,0.006778177865055269,0.0,0.0
2019-11-01,0.0032221703916008385,0.0,0.0
2019-11-04,0.010006511247299264,0.0,0.0
2019-11-05,0.003883618519972966,0.0,0.0
2019-11-06,-0.0022403410855303986,0.0,0.0
2019-11-07,0.03522111315307107,0.0,0.0
2019-11-08,-0.012484942761224591,0.0,0.0
2019-11-11,-0.002798115313091609,0.0,0.0
2019-11-12,0.004340297895789859,0.0,0.0
2019-11-13,0.0009114257063822448,0.0,0.0
2019-11-14,0.010138133291040538,0.0,0.0
2019-11-15,0.00023858395880316854,0.0,0.0
2019-11-18,0.0018514057151114913,0.0,0.0
2019-11-19,-0.001552277941247292,0.0,0.0
2019-11-20,0.003151038728415049,0.0,0.0
2019-11-21,0.00875697355205032,0.0,0.0
2019-11-22,-0.0060120830021956105,0.0,0.0
2019-11-25,0.00671191655282378,0.0,0.0
2019-11-26,-0.0008054408848304244,0.0,0.0
2019-11-27,0.004798698256519242,0.0,0.0
2019-11-29,0.0,0.0,0.0
2019-12-02,0.0,0.0,0.0
2019-12-03,0.0,0.0,0.0
2019-12-04,0.0,0.0,0.0
2019-12-05,-0.001,0.0,0.0
2019-12-06,0.0034356705112531067,0.0,0.0
2019-12-09,-0.004294496766860884,0.0,0.0
2019-12-10,0.001476493374961379,0.0,0.0
2019-12-11,-0.007847114510026763,0.0,0.0
2019-12-12,-0.0006823138254888367,0.0,0.0
2019-12-13,-0.0034821839237925657,0.0,0.0
2019-12-16,0.002467763833156272,0.0,0.0
2019-12-17,0.0006563783381725219,0.0,0.0
2019-12-18,-0.0018964543929789685,0.0,0.0
2019-12-19,-0.003933593765843862,0.0,0.0
2019-12-20,0.00526319231315032,0.0,0.0
2019-12-23,0.0003864573221444669,0.0,0.0
2019-12-24,-0.004279060644306538,0.0,0.0
2019-12-26,0.0033808253709114756,0.0,0.0
2019-12-27,-0.0025705907299688755,0.0,0.0
2019-12-30,0.006135633738716426,0.0,0.0
2019-12-31,-0.0008964438905255422,0.0,0.0
2020-01-02,0.0,0.0,0.0
2020-01-03,0.0,0.0,0.0
2020-01-06,0.0,0.0,0.0
2020-01-07,0.0,0.0,0.0
2020-01-08,0.0,0.0,0.0
2020-01-09,-0.0005,0.0,0.0
2020-01-10,0.0012707371301696063,0.0,0.0
2020-01-13,-0.003046050525517848,0.0,0.0
2020-01-14,0.0013773297287586318,0.0,0.0
2020-01-15,-0.00023907484758689968,0.0,0.0
2020-01-16,-0.0018950502226828545,0.0,0.0
2020-01-17,-0.004161627297290589,0.0,0.0
2020-01-21,-0.0005827652494252503,0.0,0.0
2020-01-22,0.004629527386658221,0.0,0.0
2020-01-23,0.0006855396889283498,0.0,0.0
2020-01-24,0.004017547058825627,0.0,0.0
2020-01-27,0.0021320243025279148,0.0,0.0
2020-01-28,-0.002761120306919466,0.0,0.0
2020-01-29,0.004272354530297802,0.0,0.0
2020-01-30,0.0004348987352136395,0.0,0.0
2020-01-31,0.007149659124076651,-0.0005,0.0
2020-02-03,0.001038780851895558,0.005420103714660089,0.0
2020-02-04,-0.004502146331245436,0.0033312406181356664,0.0
2020-02-05,0.002080136015488529,0.008465259987265323,0.0
2020-02-06,0.0013975470267432667,-0.0022018730349629063,0.0
2020-02-07,0.0006236255593599868,0.010950995224701441,0.0
2020-02-10,-0.005810845077469092,-0.00909945988892823,0.0
2020-02-11,0.0008342560358737127,0.0052083171986141465,0.0
2020-02-12,-0.0031054980866140726,-0.00018811016530189371,0.0
2020-02-13,-0.003964704259773327,-0.006684696245423764,0.0
2020-02-14,-0.0012989858695215159,-0.0038840239370405306,0.0
2020-02-18,-0.0006202131341154886,0.0018619018593432363,0.0
2020-02-19,-0.0042259912737484355,0.010846020139085094,0.0
2020-02-20,0.0063330947132198305,0.001424420077859158,0.0
2020-02-21,0.007141131889129625,-0.00256166342805457,0.0
2020-02-24,0.007632315312510313,-0.015870826659290474,0.0
2020-02-25,0.008455981940748196,-0.019239248254696525,0.0
2020-02-26,0.0055255164997038315,-0.00033721315101249694,0.0
2020-02-27,-0.0034534856088961115,-0.00865814589675512,0.0
2020-02-28,-0.011018469398205031,-0.009012777096065365,0.0
2020-03-02,-0.0020391357026132875,0.0031407907975989956,0.0
2020-03-03,0.018194037058008247,0.011900264201438386,0.0
2020-03-04,-0.004895721117866801,0.0024014161907029248,0.0
2020-03-05,0.010217024745763775,0.006027700745494146,0.0
2020-03-06,0.002438237861301204,-0.004124607754597636,0.0
2020-03-09,0.010601010721946184,0.005498480786077861,0.0
2020-03-10,-0.02875916174697656,-0.008206871046658473,0.0
2020-03-11,0.005043560451641248,0.002762383274700993,0.0
2020-03-12,0.008980416014132925,0.01670071723540199,0.0
2020-03-13,-0.01536963542136121,0.0026693945194977446,0.0
2020-03-16,0.025919898929642672,0.017578318586788197,0.0
2020-03-17,-0.004718026865356068,-0.005313836936074455,0.0
2020-03-18,-0.014619221172116625,-0.003997562052140473,0.0
2020-03-19,0.015296238726773733,-0.0002138455840863089,0.0
2020-03-20,0.018255294655439066,0.022854518317864492,-0.0005
2020-03-23,-0.011878874225680484,-0.00751389276596401,0.015898473335750424
2020-03-24,-0.05060385688355404,-0.010161105222690286,-0.0036936535657892517
2020-03-25,-0.004602740090778481,-0.0023429320837785516,-0.0002973087373426933
2020-03-26,0.018155163843744396,0.020951830265930175,-0.0006679033544268143
2020-03-27,0.007097714236771986,0.007733690402106383,0.0006355641923223912
2020-03-30,-0.00393006325101841,0.0,0.0027719383366550322
2020-03-31,-0.0038765927332208234,0.0,0.00846199057593237
2020-04-01,0.011066554198282135,0.0,0.001496151309032528
2020-04-02,0.006966415728818498,0.0,0.002827953800521881
2020-04-03,-0.00407581139306284,0.0,0.0005128311655780583
2020-04-06,-0.0005413927351151718,0.0,-0.006035537633593598
2020-04-07,0.0017473167478500987,0.0,-0.015566980562640812
2020-04-08,-0.002867716751786319,0.0,0.002670002789125783
2020-04-09,-0.00699782856873062,0.0,-0.005927335405604948
2020-04-13,0.0025918613967556414,0.0,0.004168095212706078
2020-04-14,0.019156961069675807,0.0,0.005345976293247327
2020-04-15,0.0006637114485789344,-0.0005,0.0028490418380392297
2020-04-16,-0.0059275257487265585,0.006808458155117703,-0.0023258586482513715
2020-04-17,0.0012644788928361517,0.001986075472206397,-0.006827961558236398
2020-04-20,0.012578591025472602,-0.013932890417005128,0.004661250302819768
2020-04-21,0.003545832261217033,-0.006289190562119897,0.004736625477149617
2020-04-22,-0.010546675114951427,0.012117441119816262,-0.005935797139682047
2020-04-23,-0.0003631753625519371,-0.000513028217372795,-0.004125340861110687
2020-04-24,-0.015544674179640202,0.015461068512972083,-0.004830053399783824
2020-04-27,-0.0018972411998069737,0.0,-0.003384651680412376
2020-04-28,0.0003966708766378452,0.0,0.02334357805794997
2020-04-29,-0.0030583801347730862,0.0,-0.00941065285233289
2020-04-30,0.014158437907805299,0.0,0.0002566601662530064
2020-05-01,-0.010234165776843912,0.0,0.004564825624734916
2020-05-04,0.004721957138747469,0.0,0.00022807960141350787
2020-05-05,0.0033168728000475154,0.0,-0.00024684054113066877
2020-05-06,-0.0005202893199419138,0.0,-0.0035900611771191213
2020-05-07,0.009767903503092767,0.0,0.00041249391514549974
2020-05-08,0.0036237604659138307,0.0,0.0033826012012154404
2020-05-11,0.002287788490622371,0.0,9.413851223297058e-05
2020-05-12,-0.0026856270331806747,0.0,0.0028691760523765486
2020-05-13,0.004838136013699329,0.0,0.00278358372255881
2020-05-14,-9.013996066036933e-05,0.0,-0.003308790212158263
2020-05-15,-0.007603776793359077,0.0,0.0018337770164793808
2020-05-18,-0.011573027906860014,0.0,0.000970458048393825
2020-05-19,-0.006833857584809039,0.0,-0.0031591077061873317
2020-05-20,-0.0026735158822772083,0.0,-0.0024649528641305127
2020-05-21,0.000408160529397347,0.0,-0.001832596899276198
2020-05-22,0.011047008914420307,0.0,-0.006586632738011791
2020-05-26,0.0026391724735211515,0.0,-0.0036666851635898737
2020-05-27,-0.0016555141982431743,0.0,-0.0013193161487536494
2020-05-28,0.012516396579050003,-0.0004999999999999999,-0.009409904297298136
2020-05-29,0.008256463062931223,0.001449442549083685,0.0016623727653249931
2020-06-01,-0.0002190113233502631,-0.004735110555963627,-0.004951451866655764
2020-06-02,-0.006221866317638602,-0.0036432249381395895,-0.004610508785351801
2020-06-03,0.0023150837513713435,-0.002347767537065062,-0.003424559172234872
2020-06-04,-0.002429710248583838,0.007730870309240331,0.007340727552979793
2020-06-05,-0.020043572366848922,-0.0022449210896777704,-0.0031620401156428994
2020-06-08,0.01160749740751302,0.00357231405080523,0.003461048942410361
2020-06-09,0.007731462325411128,-0.004114417968149796,-0.0027362468461333135
2020-06-10,-0.0017544101726616563,-0.00021398480630488488,0.001026953046207604
2020-06-11,-0.00998559243614175,0.014650567314517707,0.01894496892645647
2020-06-12,0.003427575566490571,0.0,-0.003152454422177562
2020-06-15,-0.0009852561427642994,0.0,0.0006254818452143632
2020-06-16,-0.00552240554685195,0.0,-0.0011410500231725565
2020-06-17,0.00776604399609336,0.0,-0.00418133784449393
2020-06-18,-0.008022926658757612,0.0,0.003261497391562822
2020-06-19,0.007733592076605369,0.0,-0.0014744557182152177
2020-06-22,-0.006137131743764659,0.0,0.0020890080884456127
2020-06-23,-0.01022941359872184,0.0,0.00028445104972941434
2020-06-24,0.007814348591363174,0.0,-0.00026585039291693796
2020-06-25,-0.003673661287355425,0.0,0.0030520139200944504
2020-06-26,-0.007898708672088223,0.0,0.0028743042226814257
2020-06-29,0.007397721167268619,0.0,-0.005896302519825316
2020-06-30,-0.005104741047305888,0.0,-0.0029592271701180026
2020-07-01,-5e-05,-5e-05,0.0
2020-07-02,-0.000846548128670132,-0.0008230710863523831,0.0
2020-07-06,7.523721134332865e-05,0.00010402363615044316,0.0
2020-07-07,-0.0004858281637560986,-0.0005149312407222637,0.0
2020-07-08,0.0006340963450395051,0.0006155193128738661,0.0
2020-07-09,-0.0005030538090448858,-0.0004716443976975804,0.0
2020-07-10,-0.0005545549132972474,0.0006113276977112106,0.0
2020-07-13,6.784862197321832e-05,9.329185068703268e-05,0.0
2020-07-14,-0.0002118354825233197,0.00011527142088489147,0.0
2020-07-15,0.00028207811090567023,0.0007280150700595414,0.0
2020-07-16,-0.00030533905377172374,-0.0003635736837898237,0.0
2020-07-17,0.0006154044246308541,-1.1172374235922465e-06,0.0
2020-07-20,0.0018772515560371427,0.0006324021315325419,0.0
2020-07-21,0.0040873954877596414,0.003337996378045288,0.0
2020-07-22,-0.002075116607191914,-0.0010244302300179845,0.0
2020-07-23,0.0008794482885119681,0.0011185558862949045,0.0
2020-07-24,0.0015113134685999525,0.0005498582062102571,0.0
2020-07-27,9.833243873470909e-05,0.00029897683787655953,0.0
2020-07-28,-0.002659238038838312,-0.003643903192464584,0.0
2020-07-29,0.0001394216868380631,0.0009051518739519676,0.0
2020-07-30,0.0013344127732535867,0.0006844686360132437,0.0
2020-07-31,0.0010889361992702162,-6.77617752317837e-05,0.0
2020-08-03,-0.0015426942629540993,6.84346350823207e-05,0.0
2020-08-04,-6.323805017729818e-05,0.00028017164928178384,0.0
2020-08-05,-0.003849018806376478,-0.0009727865942118276,0.0
2020-08-06,0.001062641988763446,-0.0004949001314477529,0.0
2020-08-07,-0.0040208254837149045,-0.0027622594352461243,0.0
2020-08-10,-0.0007824009879245841,-0.00135501283120927,0.0
2020-08-11,0.0028322379897163944,0.0016776336214896844,0.0
2020-08-12,0.0004985917960858026,0.0003514046590233644,0.0
2020-08-13,-0.0010448298714839147,-0.00023843915341566725,0.0
2020-08-14,-0.0006374560946588391,-0.00016333012873824532,0.0
2020-08-17,5.7474000045523114e-05,0.0006382850106745892,0.0
2020-08-18,-0.00021118346265461128,-0.0015309841001891343,0.0
2020-08-19,5.041571491922784e-05,0.0005637787362536256,0.0
2020-08-20,-0.0008921500161000424,-0.0007273855198293153,0.0
2020-08-21,-0.00021969743701093783,0.00039644853851929446,0.0
2020-08-24,-0.001808999396313745,-0.004353653305288534,0.0
2020-08-25,0.0011209155060932683,0.0006645010112391951,0.0
2020-08-26,-0.00100577550197295,0.000688712376301535,0.0
2020-08-27,0.0005320558242255269,1.6381436493341073e-05,0.0
2020-08-28,-0.0008599824473011936,-0.0006784866395018547,0.0
2020-08-31,0.00020563101978853118,0.00013400571944295072,0.0
2020-09-01,-0.004059820860922076,-0.001202437389732721,0.0
2020-09-02,-0.0029996174223192035,-0.0023228228171861347,0.0
2020-09-03,0.0031937750283324968,0.0026923660734978977,0.0
2020-09-04,-0.002070488622120998,-0.001126552299106222,0.0
2020-09-08,-0.0021505033824250285,-0.000893051900875778,0.0
2020-09-09,-0.001660647201826419,-0.000561899210708572,0.0
2020-09-10,-0.007125754802275633,-0.003286021915919652,0.0
2020-09-11,-0.00046392700156576124,-0.0006979668244127114,0.0
2020-09-14,-0.001604842209744756,-0.004366779318670412,0.0
2020-09-15,0.0014993091031071395,0.0022036398137561418,0.0
2020-09-16,0.006063565388830357,0.004242262916269924,0.0
2020-09-17,-0.0019839110152551228,0.0017523638725584455,0.0
2020-09-18,0.0022439101681922765,0.004000659396031496,0.0
2020-09-21,-0.0009087792542228126,0.0004222187349715679,0.0
2020-09-22,-0.0031607977468097203,-0.00044872106887007253,0.0
2020-09-23,-0.0012456356584722083,0.0004015853669272068,0.0
2020-09-24,-0.0013907163807240768,-2.4676707677699812e-05,0.0
2020-09-25,-0.007260043347285973,-0.0052484864378946495,0.0
2020-09-28,0.001957091962536367,0.0026481042941678312,0.0
2020-09-29,-0.0042625190481046776,-0.001877908985271376,0.0
2020-09-30,-0.0026000869640736015,-0.00117080873147721,0.0
2020-10-01,-0.006569207442579249,-0.006168190788449251,0.0
2020-10-02,-0.0016950590429064987,0.0009759002691611997,0.0
2020-10-05,0.0006913406909385282,0.005999851589133276,0.0
2020-10-06,-0.0012412335307160367,-0.00377528032238992,0.0
2020-10-07,-0.004594494629566153,0.0012770383332746848,0.0
2020-10-08,0.004966156453094539,0.004014216315393039,0.0
2020-10-09,-0.003929862261525723,-0.0010913630693386131,0.0
2020-10-12,-0.001206488318769677,0.0003908884259485338,0.0
2020-10-13,-0.0014579323701209986,-0.0019645675022364117,0.0
2020-10-14,0.0010416192529410944,0.0020598699245816276,0.0
2020-10-15,0.0002985535951349617,-0.0013882737928847038,0.0
2020-10-16,-0.005644006024268478,-0.002903979870099763,0.0
2020-10-19,0.0026639767158288113,0.0023128946970988793,0.0
2020-10-20,0.005355719278676614,0.0027647515833394685,0.0
2020-10-21,-0.0032560523994758462,-0.0011628147257814127,0.0
2020-10-22,0.003526795113220539,0.00236938017310789,0.0
2020-10-23,-0.0018549471580607917,-0.002471030365777862,0.0
2020-10-26,-0.00038045914287234295,-0.0005096877491456373,0.0
2020-10-27,-0.000949479563609314,-0.000859865838455988,0.0
2020-10-28,-0.0008366791648684351,-0.0020502682949351167,0.0
2020-10-29,-0.0001514673062303484,0.0006577564265672258,0.0
2020-10-30,0.003890886422508337,-0.0011274752172081564,0.0
2020-11-02,0.0027390926914239574,0.003632168489564008,0.0
2020-11-03,-0.0010232226658045266,0.0003835446102465461,0.0
2020-11-04,0.004849542690033558,0.002413649938984197,0.0
2020-11-05,-0.0009453832164958833,0.0006586695900792202,0.0
2020-11-06,-0.0032993738222420813,-0.0017032198617130412,0.0
2020-11-09,0.0190897688125587,0.010195595394989824,0.0
2020-11-10,-0.0059542662147083645,0.0008581549121119663,0.0
2020-11-11,-0.0015981636704978975,0.002801820646009318,0.0
2020-11-12,0.0008538300350927588,0.00014643118443225992,0.0
2020-11-13,0.00019707058179102305,-0.0033503103827714404,0.0
2020-11-16,0.006489874322209557,-0.003981332214826524,0.0
2020-11-17,0.0005085744775172218,-0.0017938684243878206,0.0
2020-11-18,-0.0008115054929431762,0.0011835400922430516,0.0
2020-11-19,0.00040108928769380675,-0.0021310564654118858,0.0
2020-11-20,0.0006533551892057869,-0.001612997023573326,0.0
2020-11-23,0.007934138155405963,-0.0006440798731512121,0.0
2020-11-24,-0.0017309915170655638,-0.0013158464064679004,0.0
2020-11-25,-0.0025888814629974064,4.076479061278534e-05,0.0
2020-11-27,-0.004498079988873556,-0.0005333230487047536,0.0
2020-11-30,-0.0047756686329450855,-0.0013125175194126275,0.0
2020-12-01,0.00010525353417626914,-0.00043197935931481665,0.0
2020-12-02,0.003240809636163871,0.001285417376836609,0.0
2020-12-03,1.4207364436896654e-05,-0.0006796958491961583,0.0
2020-12-04,0.006118676936864404,0.0006730943003094569,0.0
2020-12-07,-0.0013334609368585925,-0.00041806466546360675,0.0
2020-12-08,0.005239413809516579,0.0014462484650130942,0.0
2020-12-09,0.00014011938869027391,0.00025763013110027073,0.0
2020-12-10,0.0021548002226574846,-0.0006651259711002095,0.0
2020-12-11,-0.0003721617955721221,0.00021232908488445957,0.0
2020-12-14,-0.006072691818345616,-0.001294223397589825,0.0
2020-12-15,0.00017733880215405886,-4.240352794348616e-05,0.0
2020-12-16,-0.0016818167810552557,-0.0015114203291736433,0.0
2020-12-17,-0.0034151276531027216,-0.0009721467539142547,0.0
2020-12-18,-0.003714969346390695,-0.0008080015475832069,0.0
2020-12-21,-0.005483547678808246,-0.0026381531571019073,0.0
2020-12-22,-0.0021627324069742886,-0.0008625712901056348,0.0
2020-12-23,0.004726669579026103,0.0003189527405934783,0.0
2020-12-24,-0.0007263270509656825,-3.238419708212676e-05,0.0
2020-12-28,0.0007106164574338714,-0.00043955952396371536,0.0
2020-12-29,5.428164099562289e-05,-0.00015677238409010538,0.0
2020-12-30,0.0022537142543279432,2.616855318403159e-06,0.0
2020-12-31,-0.0012710263084301766,0.0007122042996764424,0.0
2021-01-04,0.0,0.0,0.0
2021-01-05,0.0,0.0,0.0
2021-01-06,-5.2631578947368424e-05,0.0,0.0
2021-01-07,-0.00014187832408621404,-5.2631578947368424e-05,0.0
2021-01-08,0.0006743801250321218,-4.4982368549131443e-05,0.0
2021-01-11,-0.0006057469195691505,-0.0004933982957206845,0.0
2021-01-12,-0.0011068073922880792,1.2559719060472135e-05,0.0
2021-01-13,0.001204514112846721,0.0006213958822115025,0.0
2021-01-14,-0.0008282595917048598,0.00022435312463152163,0.0
2021-01-15,0.0019465205653264857,0.0008518544672550887,0.0
2021-01-19,0.0006568421146256101,0.0001396329176694924,0.0
2021-01-20,0.004129480806318661,0.001766018427010128,0.0
2021-01-21,0.0034140232793769417,0.0033538249830745354,0.0
2021-01-22,-0.0007493075659054497,0.0005200825261826861,0.0
2021-01-25,0.0006688502585147833,0.00015373041675779189,0.0
2021-01-26,-0.0004897935664673487,-0.000801612760262191,0.0
2021-01-27,-0.0038955880073109125,-0.0007918083264028598,0.0
2021-01-28,0.006175065391499361,0.0010623416104366009,0.0
2021-01-29,-0.002414090278401699,-0.00055786579202871,0.0
2021-02-01,-0.0008952473892263973,-0.0010623644356186858,0.0
2021-02-02,0.004971073703275506,0.001104483263577141,0.0
2021-02-03,-0.0017105195369125734,0.0012228915898097744,0.0
2021-02-04,0.0005749515017642421,0.0002830526330962302,0.0
2021-02-05,0.004602513034013755,0.0013594024076340598,0.0
2021-02-08,-0.001831188265569124,-0.00023443107887733964,0.0
2021-02-09,-0.003073564745800766,-4.01578630478292e-06,0.0
2021-02-10,-0.0009162776977678374,-0.0002553039393855045,0.0
2021-02-11,0.0010872714319609545,-0.00020255133924453525,0.0
2021-02-12,-0.0009223119736068895,-0.0007994120098409461,0.0
2021-02-16,-0.00275264344142047,-0.0005012556832971924,0.0
2021-02-17,-0.0005527506870318618,-0.000692708861977079,0.0
2021-02-18,0.001192920544186117,0.0007001224434816125,0.0
2021-02-19,-0.0051610150216868005,-0.0009322420938560415,0.0
2021-02-22,-0.00033670401469138895,0.0038841141698712374,0.0
2021-02-23,-0.0007550813144910905,-0.0011139433805925176,0.0
2021-02-24,-0.0036446438616382594,0.0010132188814281611,0.0
2021-02-25,0.00036616153877674023,-0.0008192480236763467,0.0
2021-02-26,0.005009382710547052,0.0005299287341570908,0.0
2021-03-01,-0.004311713257036773,-0.00044700128786147797,0.0
2021-03-02,0.0038110314914723306,0.0007426047778963245,0.0
2021-03-03,-0.003578070318218279,-0.0005252435775186237,0.0
2021-03-04,0.0008315427947455656,0.0010899269570057023,0.0
2021-03-05,0.0024333109789459705,-0.0006767753604305888,0.0
2021-03-08,0.0030939801125913946,0.00015977692474051898,0.0
2021-03-09,0.00734019263528138,0.0008322219200740033,0.0
2021-03-10,-0.003398368931355447,-0.0019528949289285905,0.0
2021-03-11,0.0008426102815243042,5.137322147393292e-05,0.0
2021-03-12,-0.001897452370304627,-0.0010036931627901615,0.0
2021-03-15,0.0016280814384050317,-0.0004770007127275131,0.0
2021-03-16,0.0034999128902691032,0.0004930613879396142,0.0
2021-03-17,-0.0015923800148662803,0.00024149959798853014,0.0
2021-03-18,-0.0005953489396820436,-0.0008170964106989633,0.0
2021-03-19,0.0022855782844671945,0.0032696947379248155,0.0
2021-03-22,0.002654370247269627,-0.0009250218604088651,0.0
2021-03-23,-0.0018740575172144034,-0.0006687124978134088,0.0
2021-03-24,-0.002306756453720557,-0.0010023113290875299,0.0
2021-03-25,-0.0010419037955106225,-0.0008268229242826753,0.0
2021-03-26,-0.00045117879247967,-0.0013923997697637574,0.0
2021-03-29,0.00015408946247050617,0.0006727554406083105,0.0
2021-03-30,5.6002318285189224e-05,0.0008147667124872215,0.0
2021-03-31,0.00035208020360959804,0.00041439544036785554,0.0
2021-04-01,-0.007440044028827609,-0.0015963068864073122,0.0
2021-04-05,0.0031335663298822356,-0.0013513655866705014,0.0
2021-04-06,0.0008722424779397982,-0.0002945572028314022,0.0
2021-04-07,0.0009108704972913972,0.001064886040350016,0.0
2021-04-08,0.0038290138682194066,0.0009076623454792931,0.0
2021-04-09,-0.000541663691468997,-0.0013663822839983224,0.0
2021-04-12,0.00061598829888749,-0.0001861380726472611,0.0
2021-04-13,0.00014574197232072959,-0.0003860294272740933,0.0
2021-04-14,-0.0031732465749488166,0.0003941611295990629,0.0
2021-04-15,0.0013172582519386782,-0.0018494019845304373,0.0
2021-04-16,0.0016189534342550677,-0.0009237356833257382,0.0
2021-04-19,-0.0019909026509107807,0.0008035125062668123,0.0
2021-04-20,0.0013474385810712092,-0.0005174593010045905,0.0
2021-04-21,0.001893120179960015,-0.0019383476163705208,0.0
2021-04-22,0.001038949983148848,0.0003095055757762127,0.0
2021-04-23,-0.003289107309192305,-0.001365331316330787,0.0
2021-04-26,0.0017243497725795795,0.0019828298646590546,0.0
2021-04-27,-0.00024031895559476683,-0.0001516844714704281,0.0
2021-04-28,-0.000554175878407971,0.0016452463013251618,0.0
2021-04-29,0.002456852580693523,0.00030495960282142347,0.0
2021-04-30,-9.715325304641537e-05,-0.00022806311035832987,0.0
2021-05-03,0.00011176687137900557,-1.6786770315568363e-05,0.0
2021-05-04,-0.0028793049792970025,0.001284130513564598,0.0
2021-05-05,-0.004225407595036329,-0.0014163876480195374,0.0
2021-05-06,-0.004807668575209611,-0.0016330793479195482,0.0
2021-05-07,0.003972113086757177,-0.00012414765618728478,0.0
2021-05-10,-0.002157755963509103,-0.0012206625672484168,0.0
2021-05-11,0.0015807769258659897,0.002117299197275467,0.0
2021-05-12,0.0009292455048118003,0.00054904887586473,0.0
2021-05-13,-0.0007765153210925788,-0.0019517390455766183,0.0
2021-05-14,0.0022841726267877976,-0.0013756805947949112,0.0
2021-05-17,-0.0019505295140409,0.0010820970321312156,0.0
2021-05-18,0.0020804243233983814,0.0019932497646229113,0.0
2021-05-19,0.0008512168494910817,0.001059245184012349,0.0
2021-05-20,-0.00016478603637570948,-0.0003593143489425254,0.0
2021-05-21,-0.00020807376147159015,-0.0006662127763148614,0.0
2021-05-24,-0.00042728826457143595,-0.00017866829144010923,0.0
2021-05-25,0.0013592595232263683,0.00111363827417699,0.0
2021-05-26,0.0015685963781863384,0.0004444979907973475,0.0
2021-05-27,0.0010634352687587951,-0.0018057693134783585,0.0
2021-05-28,-0.001201499332680928,0.0006681359264766732,0.0
2021-06-01,-0.005300167881045928,-0.0022170688384406845,0.0
2021-06-02,-0.0008136147863553243,0.0007019148258887295,0.0
2021-06-03,-0.0034654853951440715,-0.001009358874591147,0.0
2021-06-04,0.00010371446009232385,-0.001731361004754091,0.0
2021-06-07,0.0022554778930648054,0.002191558766537484,0.0
2021-06-08,-0.0010014994054879955,-0.0005444713673601828,0.0
2021-06-09,0.0016700289292353203,0.0023474116578538137,0.0
2021-06-10,-0.0006600533619587019,0.0002764483415983984,0.0
2021-06-11,0.0006658369112131832,-0.00021447797663124847,0.0
2021-06-14,0.00041581853071547724,-9.208317063291607e-05,0.0
2021-06-15,-0.000579595569697844,-0.0015974011326959842,0.0
2021-06-16,-0.0006343165980638927,0.0022963053081973893,0.0
2021-06-17,0.002696605951279815,0.0038576853884843007,0.0
2021-06-18,0.0011922837919662991,0.0018208824516085735,0.0
2021-06-21,-0.0033153680512328578,-0.003598211358934794,0.0
2021-06-22,0.00017533177442935962,-0.0008503401032287313,0.0
2021-06-23,-0.0015147765312036193,-0.0007212944603916289,0.0
2021-06-24,-5.8091596572953564e-05,-0.001791447596853307,0.0
2021-06-25,-0.00029327511933371697,-0.0016521974889313197,0.0
2021-06-28,0.0017438571574113291,0.002246091446115985,0.0
2021-06-29,-0.002011556148032141,0.0007222112057743369,0.0
2021-06-30,0.0021788024811700613,-0.001795307516861896,0.0
2021-07-01,0.0,0.0,0.0
2021-07-02,-5e-05,-0.0001,0.0
2021-07-06,0.00011821035352948495,-0.0016195490434111782,0.0
2021-07-07,0.0006541832774611496,0.0004917291593100071,0.0
2021-07-08,0.00019072423971264524,-7.698724200493707e-06,0.0
2021-07-09,0.0006288478980636808,0.000639944299972256,0.0
2021-07-12,-0.0013812169826681153,-0.0008773538324227364,0.0
2021-07-13,-0.0012381590039568053,-0.00030154763138378764,0.0
2021-07-14,-0.0006672966618885967,-0.00031047863466601505,0.0
2021-07-15,-0.0007820063806763432,0.0002583053332536645,0.0
2021-07-16,-0.0006538438834745893,-0.0003386830883709782,0.0
2021-07-19,0.0009282965442907459,0.0015293118100830013,0.0
2021-07-20,-0.0005780726032134549,-0.0019296217410751117,0.0
2021-07-21,0.0005718181715153918,-0.0008852240396111692,0.0
2021-07-22,-0.0022325397520895005,0.00013837047219725763,0.0
2021-07-23,0.0003641027122985222,-0.005893964117627784,0.0
2021-07-26,0.0008716459766157077,-0.0004007971559091664,0.0
2021-07-27,0.0023295597657717734,0.0020195363514383877,0.0
2021-07-28,0.0010507286265183055,0.00014441675752373322,0.0
2021-07-29,-0.0003940970058793467,-0.00043134824784594984,0.0
2021-07-30,-0.0004615301940347503,0.00034640682591064576,0.0
2021-08-02,0.001208694546875663,0.00012063572619263157,0.0
2021-08-03,7.778321685545171e-05,0.0015209153630077205,0.0
2021-08-04,-0.00406326365815112,-0.0005668284287946897,0.0
2021-08-05,-0.0008247066820605119,0.0007122075446726989,0.0
2021-08-06,0.003077018016047337,0.0030587075473488897,0.0
2021-08-09,-0.0006536144796882543,0.0006526712828044082,0.0
2021-08-10,0.0007935436756853012,0.0001406790692974702,0.0
2021-08-11,0.003399909251044805,0.001670005973457066,0.0
2021-08-12,-5.089670129871035e-05,-0.00026820600166691097,0.0
2021-08-13,0.0005322178152892098,0.00031863260438830916,0.0
2021-08-16,0.00019676608585289632,0.000812329845625275,0.0
2021-08-17,0.0017355334321372147,0.0013911421707907706,0.0
2021-08-18,-0.0010999840425439888,-0.000185062686612496,0.0
2021-08-19,-0.0026351991854572606,0.0001170673186650072,0.0
2021-08-20,-0.003475425813001401,0.00022192148931665217,0.0
2021-08-23,-0.00017639676419649376,-0.0002186532483949604,0.0
2021-08-24,0.000566970232220601,0.00015377985608055643,0.0
2021-08-25,-0.00021601506439994071,-0.0005395161466845073,0.0
2021-08-26,0.00012013674863639492,0.00033506577627835784,0.0
2021-08-27,-0.0009679358170622489,-0.0009513990058818225,0.0
2021-08-30,-0.0018570931132936108,-0.000634770787244625,0.0
2021-08-31,0.00181022039100453,-8.188947452134427e-05,0.0
2021-09-01,0.0008099323604736115,6.680561315908123e-05,0.0
2021-09-02,0.000732165244324646,0.0012007223785427152,0.0
2021-09-03,-0.0006166263756372779,-0.0004432075133778775,0.0
2021-09-07,0.0008711521261916863,-0.0009401776963746569,0.0
2021-09-08,-7.814527336765499e-05,0.0013023116105305463,0.0
2021-09-09,-0.0005546616311242252,-2.924165781456297e-06,-5e-05
2021-09-10,-0.0013993583227190605,0.001022761997975579,0.0006523445104593517
2021-09-13,0.002482397201118034,-0.0006033633894692821,-3.67160808073376e-06
2021-09-14,-0.001799259755290196,-0.0008966739901376117,0.0004303792917127516
2021-09-15,0.0009066573291373408,0.0005714066614027264,-9.386967612946637e-05
2021-09-16,0.001481386429191873,-0.0002702491460580319,-0.0009100496316288492
2021-09-17,0.000921617120344914,-0.00027483763540317566,-0.0006431767100835241
2021-09-20,0.003276806000592259,0.0004184722840670309,6.283320048754282e-06
2021-09-21,-0.0006194654221290593,-0.0010842534895318455,0.00012195070933959269
2021-09-22,-0.0007349845341249953,1.986189037587482e-05,-3.549861526814911e-05
2021-09-23,-0.0014638830089157848,0.0006890810498295735,-1.4998183576742421e-05
2021-09-24,0.0002530564063651239,-0.00023294863568488843,-0.0001669040501188728
2021-09-27,0.0005711705916563982,-0.00045504003636247497,0.00013998284842877356
2021-09-28,0.000612857684252378,0.0020322833898620087,-4.8981151844906e-05
2021-09-29,-0.0010177384936297747,3.5566187311934306e-05,3.379803578368173e-05
2021-09-30,0.00044208981389441215,0.0014503513226217881,0.00023696473192399287
2021-10-01,-0.002934451564905389,-0.003420993632691187,0.00032830727961476365
2021-10-04,-0.0014117237835855477,0.0006716683020219118,-8.361202091113571e-05
2021-10-05,-0.00259064632031785,-0.0018234138141397086,0.0002448761884283546
2021-10-06,-0.00029315195987100274,0.00014810168290239035,-0.00017637856502663874
2021-10-07,-0.00040657952454753037,-0.0004218398493840298,0.00018052534245145067
2021-10-08,-0.003155073041692542,-0.00020804359130046734,-0.00033630915800997204
2021-10-11,0.001129934604410993,0.00012470024800445255,-2.085514013014995e-05
2021-10-12,-0.0029977083253652265,0.0012499730875530689,0.00015881542464667953
2021-10-13,0.0015043063466369446,0.0005615681134586842,0.00012707779511106202
2021-10-14,0.002728637926741683,-0.0017769924128294174,9.01083585383022e-05
2021-10-15,0.00021154970573685565,-0.0019023457680234445,-8.997498617977446e-05
2021-10-18,1.238692912416614e-05,-0.001174417917338886,-0.00020807038964635064
2021-10-19,0.0006377240368861633,-0.00043950653188461284,0.00016050516328300804
2021-10-20,-0.0007645890640743071,-0.002043792908470401,-0.0002371390080820076
2021-10-21,-0.0005095277084217994,0.0028767763499095585,-6.055834850505645e-05
2021-10-22,-0.003253306432597689,0.002903141649757153,0.0003450762001351069
2021-10-25,-0.0002525014089384683,-0.0024229158682121813,-0.00030845468006918787
2021-10-26,0.00020570948426786584,0.0003905901355266152,1.6220266526778245e-05
2021-10-27,0.0019866910618830877,0.0017081434021663743,9.92292363039433e-05
2021-10-28,0.0012222869231806265,-0.0011410007450275424,0.00043408064101155156
2021-10-29,-0.00331815699976487,0.0028396677169085344,0.00026914384661637483
2021-11-01,0.0023006797877564104,-0.0010973823783648104,-0.0001994951805378455
2021-11-02,-0.005493489193072094,0.0016816620536881564,-4.377458185397661e-05
2021-11-03,-0.000584239287483909,0.0011767162693584426,0.00017772049958578198
2021-11-04,0.0018107457906181347,-0.00018153248773065698,-9.977448555946882e-05
2021-11-05,0.003831164149844365,-0.0005272202564887005,-1.5008067759784963e-05
2021-11-08,0.00044422173969879106,-0.0028450763312110683,8.467686587659652e-05
2021-11-09,0.0019784124054483382,-0.0003814208956026147,2.748971546538143e-06
2021-11-10,-0.000593708172329682,0.0023725069851274934,0.00013617839484974083
2021-11-11,0.001988803127398059,-0.0024488248723436587,-0.0002017630311487723
2021-11-12,0.0017045972696073982,-0.0023084659034526295,-0.0004907774242491742
2021-11-15,-0.002338068401129716,0.00044458606564401075,0.00022922748910023707
2021-11-16,-0.0010628683740321588,0.0008917148785781009,-0.00037599096504550904
2021-11-17,-0.0008513281209898595,0.0010065054764790526,-0.0002459528118105397
2021-11-18,-0.001005002508260537,0.00019427825440499123,-0.00023579523287100188
2021-11-19,0.0016941780744000902,0.0012233377186963836,-0.0001608242290459905
2021-11-22,0.0011541510662261443,-0.000738363905072666,0.00040059371639572543
2021-11-23,-0.001105411042334726,-0.0013680275856545695,-0.00036625644555390483
2021-11-24,-0.0015926864624510914,-1.4996560350962872e-06,-0.0003335353152745347
2021-11-26,0.0016394100973520867,0.006041280461467535,0.0002601869240464078
2021-11-29,0.00031679691725812356,-0.0007490601231466137,-8.854537677318762e-06
2021-11-30,0.0012746547639592002,0.004021716101565363,1.3408978579325157e-05
2021-12-01,0.0004023533138788886,0.00076972876106727,0.00016696660271216943
2021-12-02,0.00226137065427699,-0.0036667125004089295,0.00013407294410366862
2021-12-03,0.004223894782861155,2.24329796846957e-05,-0.0009956488357008098
2021-12-06,-8.504224311893512e-05,-0.0008318067644952392,0.0005751816537089263
2021-12-07,9.5881009270451e-05,-0.002964885428576324,-8.736747951416047e-05
2021-12-08,0.0014403659705726928,0.00016049211961428656,-0.00043452656048917435
2021-12-09,0.00033558464764852394,-0.0004243610401668474,-0.00015873736665404759
2021-12-10,-0.0002598141255644659,-0.00031630003259875474,-9.138612849447708e-05
2021-12-13,0.001641880902841681,0.0032421659725875665,0.000379569310044155
2021-12-14,0.001102184724468774,0.0006617203425916913,8.645050932632709e-05
2021-12-15,-0.0016629651328017845,0.0013940455706754787,0.0007608933767401795
2021-12-16,0.0010059628363356676,-0.0002763068185800489,0.0003004924760881105
2021-12-17,0.0029634695676792533,0.0013190768678049386,-5.597373933601949e-05
2021-12-20,0.0010291970572148237,0.0018310269722774542,-4.496469104021422e-05
2021-12-21,-0.00025454037068028463,-0.003775186962776451,0.0002921207454616822
2021-12-22,-0.0010778896551422146,-0.0027479079590855752,-0.0003563727507477255
2021-12-23,0.00031913704803853424,-0.0019346383828483089,-0.00013755126680434177
2021-12-27,-0.0007915324526179205,-0.001279574653917986,0.00027043150543684837
2021-12-28,0.0017395087872154609,-0.00019301692238437828,-6.391161890192769e-05
2021-12-29,1.6894851363323245e-05,0.00035859523913321157,0.0001974698017964088
2021-12-30,0.0008894715727204398,0.0007713843714421787,6.947776026872879e-05
2021-12-31,0.0006057586174215174,-0.00031085524553137514,-6.931386163374312e-05
2022-01-03,0.0,0.0,0.0
2022-01-04,0.0,0.0,0.0
2022-01-05,-0.0004,0.0,0.0
2022-01-06,0.000723091435573249,0.0,0.0
2022-01-07,6.12532652963676e-06,-0.0002,0.0
2022-01-10,1.2713089273785546e-06,0.0014422482572011288,0.0
2022-01-11,0.007942756405485262,0.004494490221365808,0.0
2022-01-12,0.0006204133624978335,0.0010709475086474875,0.0
2022-01-13,0.0005331310616082784,0.0020761770149215347,0.0
2022-01-14,-0.003769828120786347,0.0,0.0
2022-01-18,-0.006042820320973507,0.0,0.0
2022-01-19,-0.0023472495135664533,0.0,0.0
2022-01-20,0.002122730669806602,0.0,0.0
2022-01-21,-0.004438462120217158,-0.0002,0.0
2022-01-24,0.0059074200036930685,0.006211418512285247,0.0
2022-01-25,-0.0037649431208197984,-0.0006647247541953521,0.0
2022-01-26,-0.001131694130313439,-0.003377000702790907,0.0
2022-01-27,-0.0008010868502824366,-0.003517191215332256,0.0
2022-01-28,-0.004426895958409315,0.00235188015187625,0.0
2022-01-31,0.00844006693585057,0.003652305554097547,0.0
2022-02-01,0.0037546267183172694,0.002223602260862802,0.0
2022-02-02,-0.0035038981350016393,0.00250990459753738,0.0
2022-02-03,-0.004627005224837305,0.0,0.0
2022-02-04,6.58836512200455e-05,-0.0002,0.0
2022-02-07,-0.0017734164924132212,0.00026802988876233785,0.0
2022-02-08,0.0024067187154794435,0.004180175271258511,0.0
2022-02-09,0.008546829738826782,0.003861755367075759,0.0
2022-02-10,-0.00342324734138649,-0.00843025718627621,0.0
2022-02-11,-0.005302775712457545,-0.003196671124617533,0.0
2022-02-14,-0.00461908012819642,-0.0003504320695605339,0.0
2022-02-15,0.003642636027151274,0.004029190881074046,0.0
2022-02-16,0.002915059130068125,0.0013877111405195181,0.0
2022-02-17,-0.009309403274322904,-0.0052236659494171184,0.0
2022-02-18,-0.0039727778679211415,0.0005142246741633513,0.0
2022-02-22,-0.010571928499885952,-0.007171775394751681,0.0
2022-02-23,-0.00355215244783086,-0.0053950879947251024,0.0
2022-02-24,0.012292274664705399,0.0075262542557718425,0.0
2022-02-25,-0.0009549270546911216,0.007859072797976166,0.0
2022-02-28,0.00340768481286534,0.003860633641713026,0.0
2022-03-01,-0.0018835931721543284,-0.003216098903535711,0.0
2022-03-02,-0.00047444660604871144,0.003784545294411641,0.0
2022-03-03,-0.008181660983095923,-0.003226244400656761,0.0
2022-03-04,-0.006678178505970744,0.0003854171675067588,0.0
2022-03-07,-0.007160249507675143,-0.01184282281074334,0.0
2022-03-08,0.021920994191843086,-0.0018757369259781189,0.0
2022-03-09,0.008107728794904078,0.00828354450592982,0.0
2022-03-10,0.004175975487911082,-0.0036333393597557996,0.0
2022-03-11,-0.004664247965369094,-0.004534628188863938,0.0
2022-03-14,-0.007723739901650391,-0.005745053938681688,0.0
2022-03-15,0.002349716439580286,0.010939419708261424,0.0
2022-03-16,0.008182835009556534,0.0065854987291617765,0.0
2022-03-17,0.0013789568621280588,0.002761906495476188,0.0
2022-03-18,0.0035870946371858907,0.007029437706757706,0.0
2022-03-21,-0.008402107480143205,-0.002061851732275011,0.0
2022-03-22,0.00019188115678811564,4.502742440394869e-05,0.0
2022-03-23,-0.004554467449339893,0.0004117424673358187,0.0
2022-03-24,-0.0002528755882316533,-0.0020557972742290343,0.0
2022-03-25,-0.0029523852609014173,-0.00703921693442835,0.0
2022-03-28,0.0004614799599159336,-0.0016302305115677945,0.0
2022-03-29,0.008230635569688958,-0.000204429368532239,0.0
2022-03-30,-0.001742137967639723,-0.002838525455635312,0.0
2022-03-31,-0.006600058835284486,-0.003279775190502393,0.0
2022-04-01,-5.541803634314347e-05,-0.006527081695194857,0.0
2022-04-04,0.00136076442331939,0.005580410457668714,0.0
2022-04-05,-0.006395677645452465,-0.002343151004717292,0.0
2022-04-06,-0.01140102889630707,-2.446388713027055e-05,0.0
2022-04-07,-0.0048502654584804145,0.002156985010299186,0.0
2022-04-08,-0.0021532260085462907,-0.002409127337585298,0.0
2022-04-11,-0.00018393650701551428,0.0032894985416302225,0.0
2022-04-12,-0.0032444110709612998,0.004042027892405499,0.0
2022-04-13,0.0023299124852721427,-0.0006669986174098676,0.0
2022-04-14,-0.006794404108679238,0.0010033446431039661,0.0
2022-04-18,0.00024979042188507766,-0.00195185786964302,0.0
2022-04-19,0.0011457727871677051,0.0021382875630644657,0.0
2022-04-20,-0.0036597269472809627,-0.00032326583496917647,0.0
2022-04-21,-0.004575294094952012,0.0014842348113657238,0.0
2022-04-22,-0.002173721152424436,0.0030987790902178556,0.0
2022-04-25,0.0012618855206435018,0.004525183534654863,0.0
2022-04-26,-0.005810155300666442,0.009895382063144244,0.0
2022-04-27,-0.004923713727739156,-0.000779981231063414,0.0
2022-04-28,0.001320580129919094,0.00017115739002505765,0.0
2022-04-29,-0.0029312834101025828,-0.007228172777504179,0.0
2022-05-02,0.011277144060605714,0.00033747417287123625,0.0
2022-05-03,0.004435247120827822,0.003901219428474997,0.0
2022-05-04,0.0060616587247592415,0.00674123726951638,0.0
2022-05-05,-0.011156800151683034,0.0,0.0
2022-05-06,-0.007950549053226211,0.0,0.0
2022-05-09,-0.009783169483021438,0.0,0.0
2022-05-10,0.0100015178067663,0.0,0.0
2022-05-11,-0.006095185826185984,0.0,0.0
2022-05-12,0.004305396577552733,0.0,0.0
2022-05-13,9.287678727619448e-05,0.0,0.0
2022-05-16,-0.005134923366082404,0.0,0.0
2022-05-17,0.01343738968928592,0.0,0.0
2022-05-18,0.02688756529883532,-0.0002,0.0
2022-05-19,0.0075514545316752195,-0.0014227301643201737,0.0
2022-05-20,0.006325262833420618,0.002035262386369929,0.0
2022-05-23,-0.002238784650360787,-0.0026224575611028997,0.0
2022-05-24,-0.01047814609588094,-0.002666834543140462,0.0
2022-05-25,0.003159489932958107,0.007238322456925471,0.0
2022-05-26,0.015280109289909366,0.005064458798279517,0.0
2022-05-27,0.0009335743202231888,0.0,0.0
2022-05-31,0.0005924348382911438,0.0,0.0
2022-06-01,0.0027409743920843656,0.0,0.0
2022-06-02,0.002548183850429854,0.0,0.0
2022-06-03,-0.001604771605589895,0.0,0.0
2022-06-06,-0.0008157608414401357,0.0,0.0
2022-06-07,-0.005735407170269121,0.0,0.0
2022-06-08,-0.003740125295445547,0.0,0.0
2022-06-09,0.00034944668287899115,0.0,0.0
2022-06-10,-0.012090779654987855,-0.0002,0.0
2022-06-13,-0.01436059563369882,-0.014760762692938845,0.0
2022-06-14,0.007811155653058325,0.0023921018084178437,0.0
2022-06-15,-0.0028392510874654677,3.072892314111252e-05,0.0
2022-06-16,-0.013920380909049512,-0.021539297178026086,0.0
2022-06-17,-0.00018316955983479452,-4.000943950914762e-05,0.0
2022-06-21,-0.0004629459819759516,0.0051436637296565,0.0
2022-06-22,0.0025866667057024783,0.0030768700701525034,0.0
2022-06-23,0.0008862232611617251,0.0072578086149753295,0.0
2022-06-24,0.002045126683318771,0.005053958451512332,0.0
2022-06-27,0.000487231420332853,0.002352235038326296,0.0
2022-06-28,6.075233744107667e-05,-0.0026448509069688987,0.0
2022-06-29,-0.00811652824091682,-0.0021229321741544132,0.0
2022-06-30,0.0002671468599262126,0.0003483727369889395,0.0
2022-07-01,0.0,0.0,0.0
2022-07-05,0.0,0.0,0.0
2022-07-06,0.0,0.0,0.0
2022-07-07,0.0,0.0,0.0
2022-07-08,0.0,0.0,0.0
2022-07-11,0.0,0.0,0.0
2022-07-12,0.0,0.0,0.0
2022-07-13,0.0,0.0,0.0
2022-07-14,0.0,0.0,0.0
2022-07-15,0.0,0.0,0.0
2022-07-18,0.0,0.0,0.0
2022-07-19,0.0,0.0,0.0
2022-07-20,0.0,0.0,0.0
2022-07-21,0.0,0.0,0.0
2022-07-22,0.0,0.0,0.0
2022-07-25,0.0,0.0,0.0
2022-07-26,0.0,0.0,0.0
2022-07-27,0.0,0.0,0.0
2022-07-28,0.0,0.0,0.0
2022-07-29,0.0,0.0,0.0
2022-08-01,0.0,0.0,0.0
2022-08-02,0.0,0.0,0.0
2022-08-03,0.0,0.0,0.0
2022-08-04,0.0,0.0,0.0
2022-08-05,0.0,0.0,0.0
2022-08-08,0.0,0.0,0.0
2022-08-09,0.0,0.0,0.0
2022-08-10,0.0,0.0,0.0
2022-08-11,0.0,0.0,0.0
2022-08-12,0.0,0.0,0.0
2022-08-15,0.0,0.0,0.0
2022-08-16,0.0,0.0,0.0
2022-08-17,0.0,0.0,0.0
2022-08-18,0.0,0.0,0.0
2022-08-19,0.0,0.0,0.0
2022-08-22,0.0,0.0,0.0
2022-08-23,0.0,0.0,0.0
2022-08-24,0.0,0.0,0.0
2022-08-25,0.0,0.0,0.0
2022-08-26,0.0,0.0,0.0
2022-08-29,0.0,0.0,0.0
2022-08-30,0.0,0.0,0.0
2022-08-31,0.0,0.0,0.0
2022-09-01,0.0,0.0,0.0
2022-09-02,0.0,0.0,0.0
2022-09-06,0.0,0.0,0.0
2022-09-07,0.0,0.0,0.0
2022-09-08,0.0,0.0,0.0
2022-09-09,0.0,0.0,0.0
2022-09-12,0.0,0.0,0.0
2022-09-13,0.0,0.0,0.0
2022-09-14,0.0,0.0,0.0
2022-09-15,0.0,0.0,0.0
2022-09-16,0.0,0.0,0.0
2022-09-19,0.0,0.0,0.0
2022-09-20,0.0,0.0,0.0
2022-09-21,0.0,0.0,0.0
2022-09-22,0.0,0.0,0.0
2022-09-23,0.0,0.0,0.0
2022-09-26,0.0,0.0,0.0
2022-09-27,0.0,0.0,0.0
2022-09-28,0.0,0.0,0.0
2022-09-29,0.0,0.0,0.0
2022-09-30,0.0,0.0,0.0
2022-10-03,0.0,0.0,0.0
2022-10-04,0.0,0.0,0.0
2022-10-05,0.0,0.0,0.0
2022-10-06,0.0,0.0,0.0
2022-10-07,0.0,0.0,0.0
2022-10-10,0.0,0.0,0.0
2022-10-11,0.0,0.0,0.0
2022-10-12,0.0,0.0,0.0
2022-10-13,0.0,0.0,0.0
2022-10-14,0.0,0.0,0.0
2022-10-17,0.0,0.0,0.0
2022-10-18,0.0,0.0,0.0
2022-10-19,0.0,0.0,0.0
2022-10-20,0.0,0.0,0.0
2022-10-21,0.0,0.0,0.0
2022-10-24,0.0,0.0,0.0
2022-10-25,0.0,0.0,0.0
2022-10-26,0.0,0.0,0.0
2022-10-27,0.0,0.0,0.0
2022-10-28,0.0,0.0,0.0
2022-10-31,0.0,0.0,0.0
2022-11-01,0.0,0.0,0.0
2022-11-02,0.0,0.0,0.0
2022-11-03,0.0,0.0,0.0
2022-11-04,0.0,0.0,0.0
2022-11-07,0.0,0.0,0.0
2022-11-08,0.0,0.0,0.0
2022-11-09,0.0,0.0,0.0
2022-11-10,0.0,0.0,0.0
2022-11-11,0.0,0.0,0.0
2022-11-14,0.0,0.0,0.0
2022-11-15,0.0,0.0,0.0
2022-11-16,0.0,0.0,0.0
2022-11-17,0.0,0.0,0.0
2022-11-18,0.0,0.0,0.0
2022-11-21,0.0,0.0,0.0
2022-11-22,0.0,0.0,0.0
2022-11-23,0.0,0.0,0.0
2022-11-25,0.0,0.0,0.0
2022-11-28,0.0,0.0,0.0
2022-11-29,0.0,0.0,0.0
2022-11-30,0.0,0.0,0.0
2022-12-01,0.0,0.0,0.0
2022-12-02,0.0,0.0,0.0
2022-12-05,0.0,0.0,0.0
2022-12-06,0.0,0.0,0.0
2022-12-07,0.0,0.0,0.0
2022-12-08,0.0,0.0,0.0
2022-12-09,0.0,0.0,0.0
2022-12-12,0.0,0.0,0.0
2022-12-13,0.0,0.0,0.0
2022-12-14,0.0,0.0,0.0
2022-12-15,0.0,0.0,0.0
2022-12-16,0.0,0.0,0.0
2022-12-19,0.0,0.0,0.0
2022-12-20,0.0,0.0,0.0
2022-12-21,0.0,0.0,0.0
2022-12-22,0.0,0.0,0.0
2022-12-23,0.0,0.0,0.0
2022-12-27,0.0,0.0,0.0
2022-12-28,0.0,0.0,0.0
2022-12-29,0.0,0.0,0.0
2022-12-30,0.0,0.0,0.0
2023-01-03,0.0,0.0,0.0
2023-01-04,0.0,0.0,0.0
2023-01-05,0.0,0.0,0.0
2023-01-06,0.0,0.0,0.0
2023-01-09,0.0,0.0,0.0
2023-01-10,0.0,0.0,0.0
2023-01-11,0.0,0.0,0.0
2023-01-12,0.0,0.0,0.0
2023-01-13,0.0,0.0,0.0
2023-01-17,0.0,0.0,0.0
2023-01-18,0.0,0.0,0.0
2023-01-19,0.0,0.0,0.0
2023-01-20,0.0,0.0,0.0
2023-01-23,0.0,0.0,0.0
2023-01-24,0.0,0.0,0.0
2023-01-25,0.0,0.0,0.0
2023-01-26,0.0,0.0,0.0
2023-01-27,0.0,0.0,0.0
2023-01-30,0.0,0.0,0.0
2023-01-31,0.0,0.0,0.0
2023-02-01,0.0,0.0,0.0
2023-02-02,0.0,0.0,0.0
2023-02-03,0.0,0.0,0.0
2023-02-06,0.0,0.0,0.0
2023-02-07,0.0,0.0,0.0
2023-02-08,0.0,0.0,0.0
2023-02-09,0.0,0.0,0.0
2023-02-10,0.0,0.0,0.0
2023-02-13,0.0,0.0,0.0
2023-02-14,0.0,0.0,0.0
2023-02-15,0.0,0.0,0.0
2023-02-16,0.0,0.0,0.0
2023-02-17,0.0,0.0,0.0
2023-02-21,0.0,0.0,0.0
2023-02-22,0.0,0.0,0.0
2023-02-23,0.0,0.0,0.0
2023-02-24,0.0,0.0,0.0
2023-02-27,0.0,0.0,0.0
2023-02-28,0.0,0.0,0.0
2023-03-01,0.0,0.0,0.0
2023-03-02,0.0,0.0,0.0
2023-03-03,0.0,0.0,0.0
2023-03-06,0.0,0.0,0.0
2023-03-07,0.0,0.0,0.0
2023-03-08,0.0,0.0,0.0
2023-03-09,0.0,0.0,0.0
2023-03-10,0.0,0.0,0.0
2023-03-13,0.0,0.0,0.0
2023-03-14,0.0,0.0,0.0
2023-03-15,0.0,0.0,0.0
2023-03-16,0.0,0.0,0.0
2023-03-17,0.0,0.0,0.0
2023-03-20,0.0,0.0,0.0
2023-03-21,0.0,0.0,0.0
2023-03-22,0.0,0.0,0.0
2023-03-23,0.0,0.0,0.0
2023-03-24,0.0,0.0,0.0
2023-03-27,0.0,0.0,0.0
2023-03-28,0.0,0.0,0.0
2023-03-29,0.0,0.0,0.0
2023-03-30,0.0,0.0,0.0
2023-03-31,0.0,0.0,0.0
2023-04-03,0.0,0.0,0.0
2023-04-04,0.0,0.0,0.0
2023-04-05,0.0,0.0,0.0
2023-04-06,0.0,0.0,0.0
2023-04-10,0.0,0.0,0.0
2023-04-11,0.0,0.0,0.0
2023-04-12,0.0,0.0,0.0
2023-04-13,0.0,0.0,0.0
2023-04-14,0.0,0.0,0.0
2023-04-17,0.0,0.0,0.0
2023-04-18,0.0,0.0,0.0
2023-04-19,0.0,0.0,0.0
2023-04-20,0.0,0.0,0.0
2023-04-21,0.0,0.0,0.0
2023-04-24,0.0,0.0,0.0
2023-04-25,0.0,0.0,0.0
2023-04-26,0.0,0.0,0.0
2023-04-27,0.0,0.0,0.0
2023-04-28,0.0,0.0,0.0
2023-05-01,0.0,0.0,0.0
2023-05-02,0.0,0.0,0.0
2023-05-03,0.0,0.0,0.0
2023-05-04,0.0,0.0,0.0
2023-05-05,0.0,0.0,0.0
2023-05-08,0.0,0.0,0.0
2023-05-09,0.0,0.0,0.0
2023-05-10,0.0,0.0,0.0
2023-05-11,0.0,0.0,0.0
2023-05-12,0.0,0.0,0.0
2023-05-15,0.0,0.0,0.0
2023-05-16,0.0,0.0,0.0
2023-05-17,0.0,0.0,0.0
2023-05-18,0.0,0.0,0.0
2023-05-19,0.0,0.0,0.0
2023-05-22,0.0,0.0,0.0
2023-05-23,0.0,0.0,0.0
2023-05-24,0.0,0.0,0.0
2023-05-25,0.0,0.0,0.0
2023-05-26,0.0,0.0,0.0
2023-05-30,0.0,0.0,0.0
2023-05-31,0.0,0.0,0.0
2023-06-01,0.0,0.0,0.0
2023-06-02,0.0,0.0,0.0
2023-06-05,0.0,0.0,0.0
2023-06-06,0.0,0.0,0.0
2023-06-07,0.0,0.0,0.0
2023-06-08,0.0,0.0,0.0
2023-06-09,0.0,0.0,0.0
2023-06-12,0.0,0.0,0.0
2023-06-13,0.0,0.0,0.0
2023-06-14,0.0,0.0,0.0
2023-06-15,0.0,0.0,0.0
2023-06-16,0.0,0.0,0.0
2023-06-20,0.0,0.0,0.0
2023-06-21,0.0,0.0,0.0
2023-06-22,0.0,0.0,0.0
2023-06-23,0.0,0.0,0.0
2023-06-26,0.0,0.0,0.0
2023-06-27,0.0,0.0,0.0
2023-06-28,0.0,0.0,0.0
2023-06-29,0.0,0.0,0.0
2023-06-30,0.0,0.0,0.0
2023-07-03,0.0,0.0,0.0
2023-07-05,0.0,0.0,0.0
2023-07-06,0.0,0.0,0.0
2023-07-07,0.0,0.0,0.0
2023-07-10,0.0,0.0,0.0
2023-07-11,0.0,0.0,0.0
2023-07-12,0.0,0.0,0.0
2023-07-13,0.0,0.0,0.0
2023-07-14,0.0,0.0,0.0
2023-07-17,0.0,0.0,0.0
2023-07-18,0.0,0.0,0.0
2023-07-19,0.0,0.0,0.0
2023-07-20,0.0,0.0,0.0
2023-07-21,0.0,0.0,0.0
2023-07-24,0.0,0.0,0.0
2023-07-25,0.0,0.0,0.0
2023-07-26,0.0,0.0,0.0
2023-07-27,0.0,0.0,0.0
2023-07-28,0.0,0.0,0.0
2023-07-31,0.0,0.0,0.0
2023-08-01,0.0,0.0,0.0
2023-08-02,0.0,0.0,0.0
2023-08-03,0.0,0.0,0.0
2023-08-04,0.0,0.0,0.0
2023-08-07,0.0,0.0,0.0
2023-08-08,0.0,0.0,0.0
2023-08-09,0.0,0.0,0.0
2023-08-10,0.0,0.0,0.0
2023-08-11,0.0,0.0,0.0
2023-08-14,0.0,0.0,0.0
2023-08-15,0.0,0.0,0.0
2023-08-16,0.0,0.0,0.0
2023-08-17,0.0,0.0,0.0
2023-08-18,0.0,0.0,0.0
2023-08-21,0.0,0.0,0.0
2023-08-22,0.0,0.0,0.0
2023-08-23,0.0,0.0,0.0
2023-08-24,0.0,0.0,0.0
2023-08-25,0.0,0.0,0.0
2023-08-28,0.0,0.0,0.0
2023-08-29,0.0,0.0,0.0
2023-08-30,0.0,0.0,0.0
2023-08-31,0.0,0.0,0.0
2023-09-01,0.0,0.0,0.0
2023-09-05,0.0,0.0,0.0
2023-09-06,0.0,0.0,0.0
2023-09-07,0.0,0.0,0.0
2023-09-08,0.0,0.0,0.0
2023-09-11,0.0,0.0,0.0
2023-09-12,0.0,0.0,0.0
2023-09-13,0.0,0.0,0.0
2023-09-14,0.0,0.0,0.0
2023-09-15,0.0,0.0,0.0
2023-09-18,0.0,0.0,0.0
2023-09-19,0.0,0.0,0.0
2023-09-20,0.0,0.0,0.0
2023-09-21,0.0,0.0,0.0
2023-09-22,0.0,0.0,0.0
2023-09-25,0.0,0.0,0.0
2023-09-26,0.0,0.0,0.0
2023-09-27,0.0,0.0,0.0
2023-09-28,0.0,0.0,0.0
2023-09-29,0.0,0.0,0.0
2023-10-02,0.0,0.0,0.0
2023-10-03,0.0,0.0,0.0
2023-10-04,0.0,0.0,0.0
2023-10-05,0.0,0.0,0.0
2023-10-06,0.0,0.0,0.0
2023-10-09,0.0,0.0,0.0
2023-10-10,0.0,0.0,0.0
2023-10-11,0.0,0.0,0.0
2023-10-12,0.0,0.0,0.0
2023-10-13,0.0,0.0,0.0
2023-10-16,0.0,0.0,0.0
2023-10-17,0.0,0.0,0.0
2023-10-18,0.0,0.0,0.0
2023-10-19,0.0,0.0,0.0
2023-10-20,0.0,0.0,0.0
2023-10-23,0.0,0.0,0.0
2023-10-24,0.0,0.0,0.0
2023-10-25,0.0,0.0,0.0
2023-10-26,0.0,0.0,0.0
2023-10-27,0.0,0.0,0.0
2023-10-30,0.0,0.0,0.0
2023-10-31,0.0,0.0,0.0
2023-11-01,0.0,0.0,0.0
2023-11-02,0.0,0.0,0.0
2023-11-03,0.0,0.0,0.0
2023-11-06,0.0,0.0,0.0
2023-11-07,0.0,0.0,0.0
2023-11-08,0.0,0.0,0.0
2023-11-09,0.0,0.0,0.0
2023-11-10,0.0,0.0,0.0
2023-11-13,0.0,0.0,0.0
2023-11-14,0.0,0.0,0.0
2023-11-15,0.0,0.0,0.0
2023-11-16,0.0,0.0,0.0
2023-11-17,0.0,0.0,0.0
2023-11-20,0.0,0.0,0.0
2023-11-21,0.0,0.0,0.0
2023-11-22,0.0,0.0,0.0
2023-11-24,0.0,0.0,0.0
2023-11-27,0.0,0.0,0.0
2023-11-28,0.0,0.0,0.0
2023-11-29,0.0,0.0,0.0
2023-11-30,0.0,0.0,0.0
2023-12-01,0.0,0.0,0.0
2023-12-04,0.0,0.0,0.0
2023-12-05,0.0,0.0,0.0
2023-12-06,0.0,0.0,0.0
2023-12-07,0.0,0.0,0.0
2023-12-08,0.0,0.0,0.0
2023-12-11,0.0,0.0,0.0
2023-12-12,0.0,0.0,0.0
2023-12-13,0.0,0.0,0.0
2023-12-14,0.0,0.0,0.0
2023-12-15,0.0,0.0,0.0
2023-12-18,0.0,0.0,0.0
2023-12-19,0.0,0.0,0.0
2023-12-20,0.0,0.0,0.0
2023-12-21,0.0,0.0,0.0
2023-12-22,0.0,0.0,0.0
2023-12-26,0.0,0.0,0.0
2023-12-27,0.0,0.0,0.0
2023-12-28,0.0,0.0,0.0
2023-12-29,0.0,0.0,0.0
2024-01-02,0.0,0.0,0.0
2024-01-03,0.0,0.0,0.0
2024-01-04,0.0,0.0,0.0
2024-01-05,0.0,0.0,0.0
2024-01-08,0.0,0.0,0.0
2024-01-09,0.0,0.0,0.0
2024-01-10,0.0,0.0,0.0
2024-01-11,0.0,0.0,0.0
2024-01-12,0.0,0.0,0.0
2024-01-16,0.0,0.0,0.0
2024-01-17,0.0,0.0,0.0
2024-01-18,0.0,0.0,0.0
2024-01-19,0.0,0.0,0.0
2024-01-22,0.0,0.0,0.0
2024-01-23,0.0,0.0,0.0
2024-01-24,0.0,0.0,0.0
2024-01-25,0.0,0.0,0.0
2024-01-26,0.0,0.0,0.0
2024-01-29,0.0,0.0,0.0
2024-01-30,0.0,0.0,0.0
2024-01-31,0.0,0.0,0.0
2024-02-01,0.0,0.0,0.0
2024-02-02,0.0,0.0,0.0
2024-02-05,0.0,0.0,0.0
2024-02-06,0.0,0.0,0.0
2024-02-07,0.0,0.0,0.0
2024-02-08,0.0,0.0,0.0
2024-02-09,0.0,0.0,0.0
2024-02-12,0.0,0.0,0.0
2024-02-13,0.0,0.0,0.0
2024-02-14,0.0,0.0,0.0
2024-02-15,0.0,0.0,0.0
2024-02-16,0.0,0.0,0.0
2024-02-20,0.0,0.0,0.0
2024-02-21,0.0,0.0,0.0
2024-02-22,0.0,0.0,0.0
2024-02-23,0.0,0.0,0.0
2024-02-26,0.0,0.0,0.0
2024-02-27,0.0,0.0,0.0
2024-02-28,0.0,0.0,0.0
2024-02-29,0.0,0.0,0.0
2024-03-01,0.0,0.0,0.0
2024-03-04,0.0,0.0,0.0
2024-03-05,0.0,0.0,0.0
2024-03-06,0.0,0.0,0.0
2024-03-07,0.0,0.0,0.0
2024-03-08,0.0,0.0,0.0
2024-03-11,0.0,0.0,0.0
2024-03-12,0.0,0.0,0.0
2024-03-13,0.0,0.0,0.0
2024-03-14,0.0,0.0,0.0
2024-03-15,0.0,0.0,0.0
2024-03-18,0.0,0.0,0.0
2024-03-19,0.0,0.0,0.0
2024-03-20,0.0,0.0,0.0
2024-03-21,0.0,0.0,0.0
2024-03-22,0.0,0.0,0.0
2024-03-25,0.0,0.0,0.0
2024-03-26,0.0,0.0,0.0
2024-03-27,0.0,0.0,0.0
2024-03-28,-0.001,0.0,0.0
2024-04-01,0.007629419261817501,0.0,0.0
2024-04-02,-0.007626976712889698,0.0,0.0
2024-04-03,0.005797469217615777,0.0,0.0
2024-04-04,0.004872575425515567,0.0,0.0
2024-04-05,-0.005950248387119323,0.0,0.0
2024-04-08,0.0014228373338079265,0.0,0.0
2024-04-09,0.004723021988720978,0.0,0.0
2024-04-10,-0.0007801947875154345,0.0,0.0
2024-04-11,0.007145158460639738,0.0,0.0
2024-04-12,-0.00477609061872071,0.0,0.0
2024-04-15,-0.00021226954656174222,0.0,0.0
2024-04-16,0.0027524577065891915,0.0,0.0
2024-04-17,-0.01490282895955387,0.0,0.0
2024-04-18,-0.0008110903769781504,0.0,0.0
2024-04-19,-0.013942575719174347,-0.001,0.0
2024-04-22,-0.006438646160618136,-0.006527237948047252,0.0
2024-04-23,0.002126987175336873,0.0022516367967085316,0.0
2024-04-24,-0.00132878257933768,-0.002483339748241745,0.0
2024-04-25,0.0032283684388103944,0.003391915083550573,0.0
2024-04-26,0.006052162227333984,0.007119733477252428,0.0
2024-04-29,-0.007375389539742592,-0.00938552872789011,0.0
2024-04-30,0.0025115969158041227,0.0036439537513464925,0.0
2024-05-01,-0.008129322776493244,-0.007585280185157114,0.0
2024-05-02,-0.000288175758517245,-0.0016609868727265927,0.0
2024-05-03,0.0009391053710734103,-0.0008121992600486956,0.0
2024-05-06,0.0017456768187595196,-5.7337771567510996e-05,0.0
2024-05-07,-0.005328611650788043,-0.006807280279919393,0.0
2024-05-08,0.009088194215857203,0.0006480533347688292,0.0
2024-05-09,0.007377574758659798,0.007437984495101465,0.0
2024-05-10,0.01561461416790553,0.019982853374026357,0.0
2024-05-13,0.0073083403396933515,0.00628547651429227,0.0
2024-05-14,0.0024593545492282336,0.0,0.0
2024-05-15,0.0023687261771824174,0.0,0.0
2024-05-16,-0.007218237687217919,0.0,0.0
2024-05-17,0.000667099967063752,0.0,0.0
2024-05-20,0.007062250508954798,0.0,0.0
2024-05-21,0.0,0.0,0.0
2024-05-22,0.0,0.0,0.0
2024-05-23,-0.001,0.0,0.0
2024-05-24,-0.004490346395519492,0.0,0.0
2024-05-28,-0.007077935675188113,0.0,0.0
2024-05-29,-0.0013562887363202623,0.0,0.0
2024-05-30,-0.03852449045235232,0.0,0.0
2024-05-31,0.03523607832677122,0.0,0.0
2024-06-03,0.007240477642165122,0.0,0.0
2024-06-04,0.00206006118308696,0.0,0.0
2024-06-05,-0.00770158763782161,0.0,0.0
2024-06-06,-0.001849990758302997,0.0,0.0
2024-06-07,-0.006298585847264478,0.0,0.0
2024-06-10,0.0064815500802438124,0.0,0.0
2024-06-11,0.0004996103623675786,0.0,0.0
2024-06-12,0.0005132427224189095,0.0,0.0
2024-06-13,-0.0012820351821423086,0.0,0.0
2024-06-14,0.007617840133549026,0.0,0.0
2024-06-17,-0.002635052716816576,0.0,0.0
2024-06-18,-0.0024001544499586917,0.0,0.0
2024-06-20,0.005221344534664994,0.0,0.0
2024-06-21,-0.006426508891944417,0.0,0.0
2024-06-24,0.010963561495337032,0.0,0.0
2024-06-25,-0.008696965796853048,0.0,0.0
2024-06-26,0.007255689680374627,0.0,0.0
2024-06-27,0.0058871747547611115,0.0,0.0
2024-06-28,-0.0030301139933473975,0.0,0.0
2024-07-01,0.0,0.0,0.0
2024-07-02,0.0,0.0,0.0
2024-07-03,0.0,0.0,0.0
2024-07-05,0.0,0.0,0.0
2024-07-08,0.0,0.0,0.0
2024-07-09,0.0,0.0,0.0
2024-07-10,0.0,0.0,0.0
2024-07-11,0.0,0.0,0.0
2024-07-12,0.0,0.0,0.0
2024-07-15,0.0,0.0,0.0
2024-07-16,0.0,0.0,0.0
2024-07-17,0.0,0.0,0.0
2024-07-18,0.0,0.0,0.0
2024-07-19,0.0,0.0,0.0
2024-07-22,0.0,0.0,0.0
2024-07-23,0.0,0.0,0.0
2024-07-24,0.0,0.0,0.0
2024-07-25,0.0,0.0,0.0
2024-07-26,0.0,0.0,0.0
2024-07-29,0.0,0.0,0.0
2024-07-30,0.0,0.0,0.0
2024-07-31,0.0,0.0,0.0
2024-08-01,0.0,0.0,0.0
2024-08-02,0.0,0.0,0.0
2024-08-05,0.0,0.0,0.0
2024-08-06,0.0,0.0,0.0
2024-08-07,0.0,0.0,0.0
2024-08-08,0.0,0.0,0.0
2024-08-09,0.0,0.0,0.0
2024-08-12,0.0,0.0,0.0
2024-08-13,0.0,0.0,0.0
2024-08-14,0.0,0.0,0.0
2024-08-15,0.0,0.0,0.0
2024-08-16,0.0,0.0,0.0
2024-08-19,0.0,0.0,0.0
2024-08-20,0.0,0.0,0.0
2024-08-21,0.0,0.0,0.0
2024-08-22,0.0,0.0,0.0
2024-08-23,0.0,0.0,0.0
2024-08-26,0.0,0.0,0.0
2024-08-27,0.0,0.0,0.0
2024-08-28,0.0,0.0,0.0
2024-08-29,0.0,0.0,0.0
2024-08-30,0.0,0.0,0.0
2024-09-03,0.0,0.0,0.0
2024-09-04,0.0,0.0,0.0
2024-09-05,0.0,0.0,0.0
2024-09-06,0.0,0.0,0.0
2024-09-09,0.0,0.0,0.0
2024-09-10,0.0,0.0,0.0
2024-09-11,0.0,0.0,0.0
2024-09-12,0.0,0.0,0.0
2024-09-13,0.0,0.0,0.0
2024-09-16,0.0,0.0,0.0
2024-09-17,0.0,0.0,0.0
2024-09-18,0.0,0.0,0.0
2024-09-19,0.0,0.0,0.0
2024-09-20,0.0,0.0,0.0
2024-09-23,0.0,0.0,0.0
2024-09-24,0.0,0.0,0.0
2024-09-25,0.0,0.0,0.0
2024-09-26,0.0,0.0,0.0
2024-09-27,0.0,0.0,0.0
2024-09-30,0.0,0.0,0.0
2024-10-01,0.0,0.0,0.0
2024-10-02,0.0,0.0,0.0
2024-10-03,0.0,0.0,0.0
2024-10-04,0.0,0.0,0.0
2024-10-07,0.0,0.0,0.0
2024-10-08,0.0,0.0,0.0
2024-10-09,0.0,0.0,0.0
2024-10-10,0.0,0.0,0.0
2024-10-11,0.0,0.0,0.0
2024-10-14,0.0,0.0,0.0
2024-10-15,0.0,0.0,0.0
2024-10-16,0.0,0.0,0.0
2024-10-17,0.0,0.0,0.0
2024-10-18,0.0,0.0,0.0
2024-10-21,0.0,0.0,0.0
2024-10-22,0.0,0.0,0.0
2024-10-23,0.0,0.0,0.0
2024-10-24,0.0,0.0,0.0
2024-10-25,0.0,0.0,0.0
2024-10-28,0.0,0.0,0.0
2024-10-29,0.0,0.0,0.0
2024-10-30,0.0,0.0,0.0
2024-10-31,0.0,0.0,0.0
2024-11-01,0.0,0.0,0.0
2024-11-04,0.0,0.0,0.0
2024-11-05,0.0,0.0,0.0
2024-11-06,0.0,0.0,0.0
2024-11-07,0.0,0.0,0.0
2024-11-08,0.0,0.0,0.0
2024-11-11,0.0,0.0,0.0
2024-11-12,0.0,0.0,0.0
2024-11-13,0.0,0.0,0.0
2024-11-14,0.0,0.0,0.0
2024-11-15,0.0,0.0,0.0
2024-11-18,0.0,0.0,0.0
2024-11-19,0.0,0.0,0.0
2024-11-20,0.0,0.0,0.0
2024-11-21,0.0,0.0,0.0
2024-11-22,0.0,0.0,0.0
2024-11-25,0.0,0.0,0.0
2024-11-26,0.0,0.0,0.0
2024-11-27,0.0,0.0,0.0
2024-11-29,0.0,0.0,0.0
2024-12-02,0.0,0.0,0.0
2024-12-03,0.0,0.0,0.0
2024-12-04,0.0,0.0,0.0
2024-12-05,0.0,0.0,0.0
2024-12-06,0.0,0.0,0.0
2024-12-09,0.0,0.0,0.0
2024-12-10,0.0,0.0,0.0
2024-12-11,0.0,0.0,0.0
2024-12-12,0.0,0.0,0.0
2024-12-13,0.0,0.0,0.0
2024-12-16,0.0,0.0,0.0
2024-12-17,0.0,0.0,0.0
2024-12-18,0.0,0.0,0.0
2024-12-19,0.0,0.0,0.0
2024-12-20,0.0,0.0,0.0
2024-12-23,0.0,0.0,0.0
2024-12-24,0.0,0.0,0.0
2024-12-26,0.0,0.0,0.0
2024-12-27,0.0,0.0,0.0
2024-12-30,0.0,0.0,0.0
2024-12-31,0.0,0.0,0.0
2025-01-02,0.0,0.0,0.0
2025-01-03,0.0,-0.0004999999999999999,0.0
2025-01-06,0.0,0.004230864202537962,0.0
2025-01-07,0.0,0.0025183071491246046,0.0
2025-01-08,0.0,-0.006732058849381989,0.0
2025-01-10,-0.0005,-0.0026903303468333102,0.0
2025-01-13,-0.00028322522220772023,-0.0005144362343016658,0.0
2025-01-14,0.006573099967060414,0.005558478620907848,0.0
2025-01-15,0.00099798392359431,0.00012720315951901193,0.0
2025-01-16,-0.0012413141131977523,-0.002504968546333481,0.0
2025-01-17,-0.005489590470242348,-0.005047188775161359,0.0
2025-01-21,-0.004108804907616136,-0.004527127928041693,0.0
2025-01-22,-0.006837494324471095,-0.006702109670511441,0.0
2025-01-23,-0.004296768619465952,-0.0038488512022439468,0.0
2025-01-24,0.001890656123648543,0.0015645032036758879,0.0
2025-01-27,0.0059683323958864,0.0051590325890969735,0.0
2025-01-28,-0.001957276081613461,-0.001632215689666974,0.0
2025-01-29,-0.003747677024052588,-0.0037279623035787125,0.0
2025-01-30,-0.00014171306694986114,-0.00031392294005437577,0.0
2025-01-31,-0.0039499392171951,-0.003863396133934704,0.0
2025-02-03,0.0009878507381911564,0.0009463697675923586,0.0
2025-02-04,-0.0019170956680874516,-0.0021514933736600387,0.0
2025-02-05,-0.0011050073507401829,-0.0004020977933968298,0.0
2025-02-06,-0.0003971586793988413,0.00047392394518842396,0.0
2025-02-07,0.0008757078817095295,-0.0004615300492475538,0.0
2025-02-10,0.0020973733418941168,-0.0005382949740406237,0.0
2025-02-11,0.00996991437836749,0.011553377330214132,0.0
2025-02-12,-0.009952351255074314,-0.014443860088408146,0.0
2025-02-13,0.001594829041889954,0.0061888758325278756,0.0
2025-02-14,0.0018633332905187792,0.0007469271322332474,0.0
2025-02-18,-0.0016582988563252532,-0.0015270890626668254,0.0
2025-02-19,-0.004268521741980806,-0.002723730751785534,0.0
2025-02-20,-0.0011261826066146794,-0.001809258343364312,0.0
2025-02-21,0.0030591566035093856,-1.7752464981625972e-05,0.0
2025-02-24,0.007170681895083547,0.0072431054465185996,0.0
2025-02-25,0.00647787068467526,0.008793944949884403,0.0
2025-02-26,-0.001012858126053552,0.00022194826780957413,0.0
2025-02-27,0.005792122629947653,0.01359296391706146,0.0
2025-02-28,7.954206853075674e-05,0.01065913453547575,0.0
2025-03-03,0.0017551831608044416,0.0,0.0
2025-03-04,0.001904075667092003,0.0,0.0
2025-03-05,-0.0002672112670651311,0.0,0.0
2025-03-06,0.003633438555436649,0.0,0.0
2025-03-07,0.0027546075467599312,0.0,0.0
2025-03-10,0.0,0.0,0.0
2025-03-11,0.0,0.0,0.0
2025-03-12,0.0,0.0,0.0
2025-03-13,-0.0005,0.0,0.0
2025-03-14,-0.0018376873923852746,0.0,0.0
2025-03-17,0.0008783339650435505,0.0,0.0
2025-03-18,0.004778085388114592,0.0,0.0
2025-03-19,0.0007998184383338166,0.0,0.0
2025-03-20,0.00362626217765712,0.0,0.0
2025-03-21,-0.0031697534301988743,0.0,0.0
2025-03-24,0.0036296911090024056,0.0,0.0
2025-03-25,0.0,0.0,0.0
2025-03-26,0.0,0.0,0.0
2025-03-27,0.0,0.0,0.0
2025-03-28,0.0,0.0,0.0
2025-03-31,-0.0005,0.0,0.0
2025-04-01,0.0010434033100197074,0.0,0.0
2025-04-02,0.006723107523461556,0.0,0.0
2025-04-03,-0.008941053641103494,0.0,0.0
2025-04-04,0.0061019992223021735,-0.001,0.0
2025-04-07,0.008540602546008682,-0.015113392065586111,0.0
2025-04-08,-0.005685458389808218,0.0007081867447334483,0.0
2025-04-09,0.0035601514812711546,0.027198264107155094,0.0
2025-04-10,0.0,-0.006448709814979363,0.0
2025-04-11,0.0,-0.004131971323600913,0.0
2025-04-14,0.0,0.00787699265565103,0.0
2025-04-15,0.0,0.00023698098439785362,0.0
2025-04-16,0.0,-0.0031299920134639763,0.0
2025-04-17,0.0,0.002949063191495364,0.0
2025-04-21,-0.0005,-0.01149066540865724,0.0
2025-04-22,0.003770996577707954,0.013786824972772338,0.0
2025-04-23,-0.00047933305973988467,0.0004451809476205392,0.0
2025-04-24,-0.0014348432449003685,0.004387331763153509,0.0
2025-04-25,-0.005218522131149849,-0.009552950144030781,0.0
2025-04-28,0.005059878242012334,0.006045047818207965,0.0
2025-04-29,0.004915606902130923,0.009473298926549698,0.0
2025-04-30,-0.002046348944190563,0.00021093439438638105,0.0
2025-05-01,0.0014015785419151992,0.001864184435963491,0.0
2025-05-02,0.0006202447182252768,0.006790452221356895,0.0
2025-05-05,0.000534571100970694,0.0,0.0
2025-05-06,0.001703620780210738,0.0,0.0
2025-05-07,0.0,0.0,0.0
2025-05-08,0.0,0.0,0.0
2025-05-09,0.0,0.0,0.0
2025-05-12,0.0,0.0,0.0
2025-05-13,0.0,0.0,0.0
2025-05-14,0.0,0.0,0.0
2025-05-15,0.0,0.0,0.0
2025-05-16,0.0,0.0,0.0
2025-05-19,0.0,0.0,0.0
2025-05-20,0.0,0.0,0.0
2025-05-21,0.0,0.0,0.0
2025-05-22,0.0,0.0,0.0
2025-05-23,-0.0005,0.0,0.0
2025-05-27,0.0027615562460997388,0.0,0.0
2025-05-28,-0.0014417801055567705,0.0,0.0
2025-05-29,0.0014013171719866866,0.0,0.0
2025-05-30,0.0010242020985824635,0.0,0.0
2025-06-02,4.418710887399099e-05,0.0,0.0
2025-06-03,0.00038344644152216417,0.0,0.0
2025-06-04,-0.0032137411564394655,0.0,0.0
2025-06-05,-0.00017629944507705663,0.0,0.0
2025-06-06,-0.002499468138051525,0.0,0.0
2025-06-09,-0.003708815500921318,-0.0005,0.0
2025-06-10,-0.004562661108220807,-0.004760085905969033,0.0
2025-06-11,-0.00208989256630759,-0.001890492992128066,0.0
2025-06-12,0.0019344286228386003,0.0022116958895550365,0.0
2025-06-13,-0.0004861475296411388,-0.00127162470722027,0.0
2025-06-16,-0.0024044953747811163,-0.0019041412567837195,0.0
2025-06-17,-0.0005528694940730079,-0.0012334498056178497,0.0
2025-06-18,-0.00038611476155454437,-8.351760254188945e-05,0.0
2025-06-20,0.0002774719238622056,6.522190783018176e-05,0.0
2025-06-23,0.003058504789198093,0.004197728721148724,0.0
2025-06-24,-0.00476512497671686,-0.004208377081745207,0.0
2025-06-25,-0.00516916945422856,-0.006189967055233683,0.0
2025-06-26,0.002774829314513658,0.003669241564490004,0.0
2025-06-27,-0.001007676793948347,-0.0004470174435854811,0.0
2025-06-30,0.0033683567661726963,0.004526462966738488,0.0
2025-07-01,0.0,0.0,0.0
2025-07-02,0.0,0.0,0.0
2025-07-03,0.0,0.0,0.0
2025-07-07,0.0,0.0,0.0
2025-07-08,0.0,0.0,0.0
2025-07-09,0.0,0.0,0.0
2025-07-10,0.0,0.0,0.0
2025-07-11,0.0,0.0,0.0
2025-07-14,0.0,0.0,0.0
2025-07-15,0.0,0.0,0.0
2025-07-16,0.0,0.0,0.0
2025-07-17,0.0,0.0,0.0
2025-07-18,0.0,0.0,0.0
2025-07-21,0.0,0.0,0.0
2025-07-22,0.0,0.0,0.0
2025-07-23,0.0,0.0,0.0
2025-07-24,0.0,0.0,0.0
2025-07-25,0.0,0.0,0.0
2025-07-28,0.0,0.0,0.0
2025-07-29,0.0,0.0,0.0
2025-07-30,0.0,0.0,0.0
2025-07-31,0.0,0.0,0.0
2025-08-01,0.0,0.0,0.0
2025-08-04,0.0,0.0,0.0
2025-08-05,0.0,0.0,0.0
2025-08-06,0.0,0.0,0.0
2025-08-07,0.0,0.0,0.0
2025-08-08,0.0,0.0,0.0
2025-08-11,0.0,0.0,0.0
2025-08-12,0.0,0.0,0.0
2025-08-13,0.0,0.0,0.0
2025-08-14,0.0,0.0,0.0
2025-08-15,0.0,0.0,0.0
2025-08-18,0.0,0.0,0.0
2025-08-19,0.0,0.0,0.0
2025-08-20,0.0,0.0,0.0
2025-08-21,0.0,0.0,0.0
2025-08-22,0.0,0.0,0.0
2025-08-25,0.0,0.0,0.0
2025-08-26,0.0,0.0,0.0
2025-08-27,0.0,0.0,0.0
2025-08-28,0.0,0.0,0.0
2025-08-29,0.0,0.0,0.0
2025-09-02,0.0,0.0,0.0
2025-09-03,0.0,0.0,0.0
2025-09-04,0.0,0.0,0.0
2025-09-05,0.0,0.0,0.0
2025-09-08,0.0,0.0,0.0
2025-09-09,0.0,0.0,0.0
2025-09-10,0.0,0.0,0.0
2025-09-11,0.0,0.0,0.0
2025-09-12,0.0,0.0,0.0
2025-09-15,0.0,0.0,0.0
2025-09-16,0.0,0.0,0.0
2025-09-17,0.0,0.0,0.0
2025-09-18,0.0,0.0,0.0
2025-09-19,0.0,0.0,0.0
2025-09-22,0.0,0.0,0.0
2025-09-23,0.0,0.0,0.0
2025-09-24,0.0,0.0,0.0
2025-09-25,0.0,0.0,0.0
2025-09-26,0.0,0.0,0.0
2025-09-29,0.0,0.0,0.0
2025-09-30,0.0,0.0,0.0
2025-10-01,0.0,0.0,0.0
2025-10-02,0.0,0.0,0.0
2025-10-03,0.0,0.0,0.0
2025-10-06,0.0,0.0,0.0
2025-10-07,0.0,0.0,0.0
2025-10-08,0.0,0.0,0.0
2025-10-09,0.0,0.0,0.0
2025-10-10,0.0,0.0,0.0
2025-10-13,0.0,0.0,0.0
2025-10-14,0.0,0.0,0.0
2025-10-15,0.0,0.0,0.0
2025-10-16,0.0,0.0,0.0
2025-10-17,0.0,0.0,0.0
2025-10-20,0.0,0.0,0.0
2025-10-21,0.0,0.0,0.0
2025-10-22,0.0,0.0,0.0
2025-10-23,0.0,0.0,0.0
2025-10-24,0.0,0.0,0.0
2025-10-27,0.0,0.0,0.0
2025-10-28,0.0,0.0,0.0
2025-10-29,0.0,0.0,0.0
2025-10-30,0.0,0.0,0.0
2025-10-31,0.0,0.0,0.0
2025-11-03,0.0,0.0,0.0
2025-11-04,0.0,0.0,0.0
2025-11-05,0.0,0.0,0.0
2025-11-06,0.0,0.0,0.0
2025-11-07,0.0,0.0,0.0
2025-11-10,0.0,0.0,0.0
2025-11-11,-0.00025,0.0,0.0
2025-11-12,-0.0006008873658130754,0.0,0.0
2025-11-13,-0.0014252817152359371,0.0,0.0
2025-11-14,-0.0007784927616681135,0.0,0.0
2025-11-17,0.0025002810015979813,0.0,0.0
2025-11-18,0.0011234632647021462,0.0,0.0
2025-11-19,-0.0035809005352450754,0.0,0.0
2025-11-20,0.00464685625122248,0.0,0.0
2025-11-21,-0.002376915064659137,0.0,0.0
2025-11-24,0.001284662028073384,0.0,0.0
2025-11-25,-0.004824848410604439,0.0,0.0
2025-11-26,-0.000676556687253534,0.0,0.0
2025-11-28,-0.0001619135016172901,0.0,0.0
2025-12-01,0.002678489175885187,0.0,0.0
2025-12-02,0.001611450907779481,0.0,0.0
2025-12-03,0.0018424825909858266,0.0,0.0
2025-12-04,-0.0034183100354629806,0.0,0.0
2025-12-05,-0.0006736658899842178,0.0,0.0
2025-12-08,0.003786800991007501,0.0,0.0
2025-12-09,0.002739723564712401,0.0,0.0
2025-12-10,-0.003649644776383693,0.0,0.0
2025-12-11,-0.0004174039718557069,0.0,0.0
2025-12-12,0.0018683355396076338,0.0,0.0
2025-12-15,-0.0009122769010281185,0.0,0.0
2025-12-16,-0.0038904922533581705,0.0,0.0
2025-12-17,0.001169439784621308,0.0,0.0
2025-12-18,0.0003951849564336828,0.0,0.0
2025-12-19,-0.0013391921092817446,0.0,0.0
2025-12-22,-0.0013817577686754514,0.0,0.0
2025-12-23,0.002148220722225601,0.0,0.0
2025-12-24,-0.0001558310572002488,0.0,0.0
2025-12-26,-0.0012151949978680776,0.0,0.0
2025-12-29,-0.0003991074878858874,0.0,0.0
2025-12-30,0.0016179664057671636,0.0,0.0
2025-12-31,0.002089811642309882,0.0,0.0
2026-01-02,0.0,0.0,0.0
2026-01-05,0.0,0.0,0.0
2026-01-06,0.0,0.0,0.0
2026-01-07,-5e-05,0.0,0.0
2026-01-08,0.0005646455507748073,0.0,0.0
2026-01-09,-4.705718896524931e-05,0.0,0.0
2026-01-12,9.9005371913129e-05,0.0,0.0
2026-01-13,0.00031477713049029394,0.0,0.0
2026-01-14,4.4072644849836236e-05,-5e-05,0.0
2026-01-15,-0.00017671907777240523,-0.00022567946911338389,0.0
2026-01-16,-0.000779727713692822,-0.0003136396220530625,0.0
2026-01-20,0.0012949533593863349,0.0009023646224732195,0.0
2026-01-21,0.0005985385828466306,0.0,0.0
2026-01-22,0.0004199295419442652,0.0,0.0
2026-01-23,-0.00017200802875854714,0.0,0.0
2026-01-26,-0.0003385173914927369,0.0,0.0
2026-01-27,-0.0005864430633305962,-4.999999999999999e-05,0.0
2026-01-28,-0.000648834775988651,0.0002747462541336624,0.0
2026-01-29,-0.001054442423350023,-0.0009581681128631666,0.0
2026-01-30,-0.0021374073293501253,-3.833294425759012e-06,0.0
2026-02-02,0.00010165481243266288,0.0008782141739271096,0.0
2026-02-03,-0.0020135395301233015,-0.0010302200117644417,0.0
2026-02-04,-0.0016652539996405813,-0.0015783871818756579,0.0
2026-02-05,-0.0012159713373714098,0.00017177394705496192,0.0
2026-02-06,0.00038057813802418167,-0.00027497494947265966,0.0
2026-02-09,0.0009577660331346645,0.00048789565363733557,0.0
2026-02-10,-0.00277217332873209,-0.003972591588755008,0.0
2026-02-11,-0.006902992629634087,-0.0009546361728367568,0.0
2026-02-12,-0.01621622710401114,-0.002353211494821575,0.0
2026-02-13,-0.018953570065657992,-0.005946898355392959,0.0
2026-02-17,0.0030352024067760125,0.001955488765491745,0.0
2026-02-18,0.013288261210793139,0.011002301189382712,0.0
2026-02-19,-0.021959473538610566,-0.01130660820010697,0.0
2026-02-20,-0.008389807433277365,-0.0023607030049414635,0.0
2026-02-23,-0.0042842802381741815,-0.0011726544204481077,0.0
2026-02-24,-0.006474633790556156,-0.001514989020940385,0.0
2026-02-25,0.0005259373429276112,-0.0011909316899547666,0.0
2026-02-26,0.0027554194068890384,0.0013900831874644301,0.0
2026-02-27,-0.0048287852797744765,-0.0008403464881656164,0.0
2026-03-02,0.0003610167603490125,-0.0009295341181532982,0.0
2026-03-03,0.0038425662463227673,0.0015573346985394677,0.0
2026-03-04,0.0005582010630916325,-0.00020006189743448748,0.0
2026-03-05,0.02220252985498212,0.006951719721007531,0.0
2026-03-06,-0.0074158060282779855,-0.0007945805432677331,0.0
2026-03-09,0.011298824696554948,0.003459415246788237,0.0
2026-03-10,0.00020104080176726498,0.0007612410010602429,0.0
2026-03-11,-0.0012854289509410725,0.00013672533256389426,0.0
2026-03-12,0.0047750196407096625,0.0006902900419949951,0.0
2026-03-13,-0.009004550415667863,-0.0033523995800004945,0.0
2026-03-16,-0.010501607441462456,-0.0029018125554154594,0.0
2026-03-17,0.001220431968953048,0.0009631185788352906,0.0
2026-03-18,0.004097455360404394,0.000628767062463611,0.0
2026-03-19,0.008495734159660278,0.0015586296283282505,0.0
2026-03-20,0.020334919493951102,0.008552167495372989,0.0
2026-03-23,-0.008271782457463813,-0.0027820178601082,0.0
2026-03-24,-0.0015335229775020605,-0.0004548539624778506,0.0
2026-03-25,0.0007979594826478954,0.0007398520296267385,0.0
2026-03-26,0.0021160405239102867,-0.0006960587658255341,0.0
2026-03-27,0.0035849807119275766,6.668524531476415e-05,0.0
2026-03-30,-0.01595399277953778,-0.0022453365689598147,0.0
2026-03-31,-0.009241839895017905,-0.0012152616592631543,0.0
2026-04-01,-0.001505488082981742,-0.0008064288701160818,0.0
2026-04-02,-0.0015154374495181732,-0.0007908537953026148,0.0
2026-04-06,0.00022522213984482687,-6.897246353091877e-06,0.0
2026-04-07,8.51644028807612e-05,-0.0008265564328010757,0.0
2026-04-08,-0.012579896574440978,0.001082546285914449,0.0
2026-04-09,-0.010904459338566048,-0.0007002690778330547,0.0
2026-04-10,0.002997772465123161,-0.0013654467375516345,0.0
2026-04-13,0.0263849625190144,0.0024447050373408996,0.0
2026-04-14,0.002106122927971683,0.0033843006065741197,0.0
2026-04-15,0.007658179623552956,0.0010825509232631563,0.0
2026-04-16,-0.005688558232455061,-0.0004576162560128891,0.0
2026-04-17,0.007289050942067396,0.0015807073007331515,0.0
2026-04-20,0.0020101136019214038,-0.0008287229303183006,0.0
2026-04-21,0.0062328605897585005,0.0005565594156823353,0.0
2026-04-22,-0.000769007742508514,-0.0007672786111951076,0.0
2026-04-23,-0.009663396161098372,-0.0006971989785094307,0.0
2026-04-24,0.012509730735394181,0.0024380620748459723,0.0
2026-04-27,0.0037479053696421274,0.0009177906138478334,0.0
2026-04-28,0.00318900990900839,0.00015833825579891309,0.0
2026-04-29,-0.0011621195352282863,-0.0003564919230010613,0.0
2026-04-30,-0.015335804618239246,-0.0021864970062036864,0.0
2026-05-01,-0.003653365473215729,-0.0004759376091435617,0.0
2026-05-04,0.01102766867300629,0.0014046699918667136,0.0
2026-05-05,0.0019028814878420367,0.0004225082385621898,0.0
2026-05-06,0.0036089189732054472,0.0010287137595732273,0.0
2026-05-07,-0.002175779306623822,-0.0008048390159964738,0.0
2026-05-08,-0.004343260362100156,-0.001976442755672316,0.0
2026-05-11,-0.015468845123145867,-0.003595214701732792,0.0
2026-05-12,-0.00466605563312745,-0.0003575298646831401,0.0
2026-05-13,0.008214996720026924,0.0010405991560907448,0.0
2026-05-14,-0.002703723668482837,-4.2242464198902725e-05,0.0
2026-05-15,0.013277918766040887,0.0010729458393302662,0.0
2026-05-18,-0.005486376193796775,-0.003161449472451458,0.0
2026-05-19,-0.01954846950322153,-0.0018262171908478703,0.0
2026-05-20,0.009974935027988912,0.0029726726114715695,0.0
2026-05-21,-0.0052527145166704325,-0.0008861553728769413,0.0
2026-05-22,-0.007750616678670566,-0.0002839084651451389,0.0
2026-05-26,0.002047593927794164,1.4331029581850636e-06,0.0
2026-05-27,-0.003759496154921342,-0.0011419362266310523,0.0
2026-05-28,0.008910459949226908,0.000262838884505247,0.0
2026-05-29,0.001700713332953655,-0.0010416857590235886,0.0
2026-06-01,0.004679773531379643,0.0015534306902606106,0.0
2026-06-02,-0.015958815855830432,-0.003336876100153401,0.0
2026-06-03,0.006890934660973345,0.0013047742333338061,0.0
2026-06-04,-0.00908545963914953,-0.0026343602992642667,0.0
2026-06-05,-0.01527569110683622,-0.0006826034135973333,0.0
2026-06-08,0.025124450251600282,0.00450375814769691,0.0
2026-06-09,-0.0039172623503942895,-0.0009158196387024651,0.0
2026-06-10,-0.004174761656230969,-1.7995928535674276e-05,0.0
2026-06-11,-0.005568347444577977,-0.0006444796557065,0.0
2026-06-12,-0.007662192722415637,-0.0024150106345517727,0.0
2026-06-15,0.005545228623566065,0.0002711004993082613,0.0
2026-06-16,-0.00040813512258252747,-0.00011300842730093322,0.0
2026-06-17,0.012622921909576996,0.002222342045606786,0.0
2026-06-18,-0.0072606951058924755,-0.0016063401934111304,0.0
2026-06-22,-0.00031809080898616754,0.00016509806494618162,0.0
2026-06-23,-0.009337328053280108,-6.568856905008763e-05,0.0
2026-06-24,-0.010868541283144772,-0.0022074084987119013,0.0
2026-06-25,-0.0047376724834454894,-0.0007833605441364556,0.0
2026-06-26,-0.009849732690768626,-0.0017872554591138224,0.0
2026-06-29,-0.0006591449089202296,0.0010621819821305027,0.0
